table,question,date,response,Total (a),Male (b),Female (c),16-24 (d),18-24 (e),25-34 (f),35-44 (g),45-54 (h),55-64 (i),65+ (j),AB (k),C1 (l),C2 (m),DE (n),Scotland (o),North East (p),North West (q),Yorkshire & Humberside (r),West Midlands (s),East Midlands (t),Wales (u),Eastern (v),London (w),South East (x),South West (y),Northern Ireland (z),NET: England (A),Public (A),Private (B),Opinion Influencer (C),Broadcasters (b),NonBBC broadcasters (c),BBC services (d),Newspapers (e),Officials (f),Social Media (g),YouTube (h),Facebook (i),WhatsApp (j),Closed groups (k),Other online news sources (l),Family/ friends/ local ppl (m),Traditional media (n),Nonmainstream media (o),BBC TV (p),BBC Online (q),Direct from Govt (r),Yes (s),No (t),Drink more water (b),Gargle salt water (c),Eat warm food/ drink (d),Put clothes in sun (e),Natural remedies (f),Drink more lemon juice (g),Inhale steam (h),Theories linking Coronavirus to 5G technology (i),What's true/ false (j),Avoid news (k),Mainstream media exaggerating (l),Positive sides of society (m),Confusion (n),Wash hands 20 secs (o),Outside for essentials (p),Social distancing (q),Yes (r),No (s),18-24 (d),25-34 (e),35-44 (f),45-54 (g),55-64 (h),65+ (i),Tier 1 (B),Tier 2 (C),Tier 3 (D)
Table 12,Q4a. Types of news/information seen on social media and search engines in last week: WhatsApp group(s),ONLINE Fieldwork: 9th to 13th April 2020,Unweighted base,129,52,77,23,20,33,28,13,13,19,53,33,17,26,,,,,,,,,,,,,,,,,,,,,,,,,,,,,,,,,,,,,,,,,,,,,,,,,,,,,,,,,,,,,,
Table 12,Q4a. Types of news/information seen on social media and search engines in last week: WhatsApp group(s),ONLINE Fieldwork: 9th to 13th April 2020,Weighted base,126,54*,72*,24**,21**,34**,25**,10**,12**,19**,48*,38*,17**,23**,,,,,,,,,,,,,,,,,,,,,,,,,,,,,,,,,,,,,,,,,,,,,,,,,,,,,,,,,,,,,,
Table 12,Q4a. Types of news/information seen on social media and search engines in last week: WhatsApp group(s),ONLINE Fieldwork: 9th to 13th April 2020,Opinions from a person you know,88,34,54,19,16,25,18,5,8,12,34,26,11,18,,,,,,,,,,,,,,,,,,,,,,,,,,,,,,,,,,,,,,,,,,,,,,,,,,,,,,,,,,,,,,
Table 12,Q4a. Types of news/information seen on social media and search engines in last week: WhatsApp group(s),ONLINE Fieldwork: 9th to 13th April 2020,Facts forwarded/ posted/ shared from a person you know,73,29,44,14,10,19,13,6,5,16,24,26,12,12,,,,,,,,,,,,,,,,,,,,,,,,,,,,,,,,,,,,,,,,,,,,,,,,,,,,,,,,,,,,,,
Table 12,Q4a. Types of news/information seen on social media and search engines in last week: WhatsApp group(s),ONLINE Fieldwork: 9th to 13th April 2020,"Directly from official sources such as NHS, Government etc",32,15,17,7,7,9,9,4,2,1,13,6,3,10,,,,,,,,,,,,,,,,,,,,,,,,,,,,,,,,,,,,,,,,,,,,,,,,,,,,,,,,,,,,,,
Table 12,Q4a. Types of news/information seen on social media and search engines in last week: WhatsApp group(s),ONLINE Fieldwork: 9th to 13th April 2020,"Directly from traditional TV or press news sources such as the BBC, Telegraph, The Daily Mail, etc",20,10,10,4,4,5,6,2,2,1,10,3,3,5,,,,,,,,,,,,,,,,,,,,,,,,,,,,,,,,,,,,,,,,,,,,,,,,,,,,,,,,,,,,,,
Table 12,Q4a. Types of news/information seen on social media and search engines in last week: WhatsApp group(s),ONLINE Fieldwork: 9th to 13th April 2020,Facts forwarded/ posted/ shared from a person you don't know,19,9,10,4,4,6,3,2,4,-,7,5,3,3,,,,,,,,,,,,,,,,,,,,,,,,,,,,,,,,,,,,,,,,,,,,,,,,,,,,,,,,,,,,,,
Table 12,Q4a. Types of news/information seen on social media and search engines in last week: WhatsApp group(s),ONLINE Fieldwork: 9th to 13th April 2020,Opinions from a person you don't know,15,8,7,4,4,4,4,-,3,-,7,3,4,2,,,,,,,,,,,,,,,,,,,,,,,,,,,,,,,,,,,,,,,,,,,,,,,,,,,,,,,,,,,,,,
Table 12,Q4a. Types of news/information seen on social media and search engines in last week: WhatsApp group(s),ONLINE Fieldwork: 9th to 13th April 2020,"Directly from 'Nonmainstream' news sources such as Russia Today, Breitbart, Swawkbox etc",10,8,2,3,3,3,2,-,2,-,6,1,2,1,,,,,,,,,,,,,,,,,,,,,,,,,,,,,,,,,,,,,,,,,,,,,,,,,,,,,,,,,,,,,,
Table 12,Q4a. Types of news/information seen on social media and search engines in last week: WhatsApp group(s),ONLINE Fieldwork: 9th to 13th April 2020,"Directly from online news providers like Buzzfeed, Huffington Post, Vice, etc.",8,6,2,3,3,3,-,1,*,1,5,-,2,1,,,,,,,,,,,,,,,,,,,,,,,,,,,,,,,,,,,,,,,,,,,,,,,,,,,,,,,,,,,,,,
Table 12,Q4a. Types of news/information seen on social media and search engines in last week: WhatsApp group(s),ONLINE Fieldwork: 9th to 13th April 2020,I don't notice where the information is coming from,4,2,2,2,2,-,1,-,1,1,1,1,1,2,,,,,,,,,,,,,,,,,,,,,,,,,,,,,,,,,,,,,,,,,,,,,,,,,,,,,,,,,,,,,,
Table 13,Q4a. Types of news/information seen on social media and search engines in last week: WhatsApp group(s),ONLINE Fieldwork: 11th to 13th September 2020,Unweighted base,89,47,42,17,15,23,17,13,10,9,39,27,9,14,10,2,10,4,14,5,3,1,19,10,9,2,74,,,,,,,,,,,,,,,,,,,,,,,,,,,,,,,,,,,,,,,,,,,,,,,,,
Table 13,Q4a. Types of news/information seen on social media and search engines in last week: WhatsApp group(s),ONLINE Fieldwork: 11th to 13th September 2020,Weighted base,97*,52*,45*,20**,18**,23**,17**,14**,11**,11**,43*,26**,11**,17**,9**,2**,12**,5**,15**,6**,3**,1**,21**,11**,9**,2**,83*,,,,,,,,,,,,,,,,,,,,,,,,,,,,,,,,,,,,,,,,,,,,,,,,,
Table 13,Q4a. Types of news/information seen on social media and search engines in last week: WhatsApp group(s),ONLINE Fieldwork: 11th to 13th September 2020,Opinions from a person you know,67,37,30,14,13,15,13,12,8,7,28,16,9,13,7,-,7,3,10,2,3,1,17,10,6,-,56,,,,,,,,,,,,,,,,,,,,,,,,,,,,,,,,,,,,,,,,,,,,,,,,,
Table 13,Q4a. Types of news/information seen on social media and search engines in last week: WhatsApp group(s),ONLINE Fieldwork: 11th to 13th September 2020,Facts forwarded/ posted/ shared from a person you know,47,21,26,9,7,11,11,2,8,6,16,17,5,9,4,1,5,5,8,2,1,-,10,7,3,1,40,,,,,,,,,,,,,,,,,,,,,,,,,,,,,,,,,,,,,,,,,,,,,,,,,
Table 13,Q4a. Types of news/information seen on social media and search engines in last week: WhatsApp group(s),ONLINE Fieldwork: 11th to 13th September 2020,Opinions from a person you don't know,22,12,10,6,6,8,2,3,1,2,10,6,2,4,1,-,2,3,3,-,-,-,7,2,2,2,19,,,,,,,,,,,,,,,,,,,,,,,,,,,,,,,,,,,,,,,,,,,,,,,,,
Table 13,Q4a. Types of news/information seen on social media and search engines in last week: WhatsApp group(s),ONLINE Fieldwork: 11th to 13th September 2020,"Directly from traditional TV or press news sources such as the BBC, Telegraph, The Daily Mail, etc",17,7,11,6,6,5,3,1,1,-,8,6,3,*,2,-,-,3,2,-,-,-,4,*,5,1,14,,,,,,,,,,,,,,,,,,,,,,,,,,,,,,,,,,,,,,,,,,,,,,,,,
Table 13,Q4a. Types of news/information seen on social media and search engines in last week: WhatsApp group(s),ONLINE Fieldwork: 11th to 13th September 2020,"Directly from official sources such as NHS, Government etc",16,9,7,3,2,4,5,2,1,2,10,3,3,*,2,-,4,3,2,-,-,-,4,*,1,-,14,,,,,,,,,,,,,,,,,,,,,,,,,,,,,,,,,,,,,,,,,,,,,,,,,
Table 13,Q4a. Types of news/information seen on social media and search engines in last week: WhatsApp group(s),ONLINE Fieldwork: 11th to 13th September 2020,Facts forwarded/ posted/ shared from a person you don't know,14,6,8,3,3,2,3,1,3,1,5,5,3,2,1,-,2,1,3,-,-,-,4,-,3,1,12,,,,,,,,,,,,,,,,,,,,,,,,,,,,,,,,,,,,,,,,,,,,,,,,,
Table 13,Q4a. Types of news/information seen on social media and search engines in last week: WhatsApp group(s),ONLINE Fieldwork: 11th to 13th September 2020,"Directly from online news providers like Buzzfeed, Huffington Post, Vice, etc.",13,8,5,7,7,4,1,-,1,-,11,1,-,1,-,-,-,1,1,1,-,-,4,-,5,-,13,,,,,,,,,,,,,,,,,,,,,,,,,,,,,,,,,,,,,,,,,,,,,,,,,
Table 13,Q4a. Types of news/information seen on social media and search engines in last week: WhatsApp group(s),ONLINE Fieldwork: 11th to 13th September 2020,"Directly from 'Nonmainstream' news sources such as Russia Today, Breitbart, Swawkbox etc",5,4,*,-,-,2,2,*,-,-,4,*,-,*,-,-,*,-,1,-,-,-,2,*,1,-,5,,,,,,,,,,,,,,,,,,,,,,,,,,,,,,,,,,,,,,,,,,,,,,,,,
Table 13,Q4a. Types of news/information seen on social media and search engines in last week: WhatsApp group(s),ONLINE Fieldwork: 11th to 13th September 2020,Weighted base,97*,52*,45*,20**,18**,23**,17**,14**,11**,11**,43*,26**,11**,17**,9**,2**,12**,5**,15**,6**,3**,1**,21**,11**,9**,2**,83*,,,,,,,,,,,,,,,,,,,,,,,,,,,,,,,,,,,,,,,,,,,,,,,,,
Table 13,Q4a. Types of news/information seen on social media and search engines in last week: WhatsApp group(s),ONLINE Fieldwork: 11th to 13th September 2020,I don't notice where the information is coming from,4,1,3,-,-,1,1,-,-,1,2,-,-,1,-,1,-,-,1,1,-,-,-,-,-,-,4,,,,,,,,,,,,,,,,,,,,,,,,,,,,,,,,,,,,,,,,,,,,,,,,,
Table 12,Q4a. Types of news/information seen on social media and search engines in last week: WhatsApp group(s),ONLINE Fieldwork: 17th to 19th April 2020,Unweighted base,105,56,49,17,15,25,23,18,13,9,41,32,13,19,,,,,,,,,,,,,,,,,,,,,,,,,,,,,,,,,,,,,,,,,,,,,,,,,,,,,,,,,,,,,,
Table 12,Q4a. Types of news/information seen on social media and search engines in last week: WhatsApp group(s),ONLINE Fieldwork: 17th to 19th April 2020,Weighted base,109*,55*,54*,19**,18**,23**,23**,20**,13**,9**,42*,30**,18**,19**,,,,,,,,,,,,,,,,,,,,,,,,,,,,,,,,,,,,,,,,,,,,,,,,,,,,,,,,,,,,,,
Table 12,Q4a. Types of news/information seen on social media and search engines in last week: WhatsApp group(s),ONLINE Fieldwork: 17th to 19th April 2020,Opinions from a person you know,72,37,35,11,9,18,19,11,7,6,28,18,15,12,,,,,,,,,,,,,,,,,,,,,,,,,,,,,,,,,,,,,,,,,,,,,,,,,,,,,,,,,,,,,,
Table 12,Q4a. Types of news/information seen on social media and search engines in last week: WhatsApp group(s),ONLINE Fieldwork: 17th to 19th April 2020,Facts forwarded/ posted/ shared from a person you know,58,30,29,11,10,11,8,10,11,8,24,17,7,10,,,,,,,,,,,,,,,,,,,,,,,,,,,,,,,,,,,,,,,,,,,,,,,,,,,,,,,,,,,,,,
Table 12,Q4a. Types of news/information seen on social media and search engines in last week: WhatsApp group(s),ONLINE Fieldwork: 17th to 19th April 2020,"Directly from traditional TV or press news sources such as the BBC, Telegraph, The Daily Mail, etc",22,13,9,2,2,6,5,5,2,1,6,12,2,1,,,,,,,,,,,,,,,,,,,,,,,,,,,,,,,,,,,,,,,,,,,,,,,,,,,,,,,,,,,,,,
Table 12,Q4a. Types of news/information seen on social media and search engines in last week: WhatsApp group(s),ONLINE Fieldwork: 17th to 19th April 2020,"Directly from official sources such as NHS, Government etc",18,8,10,5,5,5,4,1,3,-,7,7,2,1,,,,,,,,,,,,,,,,,,,,,,,,,,,,,,,,,,,,,,,,,,,,,,,,,,,,,,,,,,,,,,
Table 12,Q4a. Types of news/information seen on social media and search engines in last week: WhatsApp group(s),ONLINE Fieldwork: 17th to 19th April 2020,"Directly from 'Nonmainstream' news sources such as Russia Today, Breitbart, Swawkbox etc",10,5,5,-,-,3,5,2,-,-,4,5,1,-,,,,,,,,,,,,,,,,,,,,,,,,,,,,,,,,,,,,,,,,,,,,,,,,,,,,,,,,,,,,,,
Table 12,Q4a. Types of news/information seen on social media and search engines in last week: WhatsApp group(s),ONLINE Fieldwork: 17th to 19th April 2020,Facts forwarded/ posted/ shared from a person you don't know,10,6,4,2,2,2,2,1,2,1,4,2,2,1,,,,,,,,,,,,,,,,,,,,,,,,,,,,,,,,,,,,,,,,,,,,,,,,,,,,,,,,,,,,,,
Table 12,Q4a. Types of news/information seen on social media and search engines in last week: WhatsApp group(s),ONLINE Fieldwork: 17th to 19th April 2020,Opinions from a person you don't know,9,7,2,2,2,4,*,-,1,1,6,2,-,1,,,,,,,,,,,,,,,,,,,,,,,,,,,,,,,,,,,,,,,,,,,,,,,,,,,,,,,,,,,,,,
Table 12,Q4a. Types of news/information seen on social media and search engines in last week: WhatsApp group(s),ONLINE Fieldwork: 17th to 19th April 2020,"Directly from online news providers like Buzzfeed, Huffington Post, Vice, etc.",7,4,3,2,2,1,1,3,-,-,4,3,-,-,,,,,,,,,,,,,,,,,,,,,,,,,,,,,,,,,,,,,,,,,,,,,,,,,,,,,,,,,,,,,,
Table 12,Q4a. Types of news/information seen on social media and search engines in last week: WhatsApp group(s),ONLINE Fieldwork: 17th to 19th April 2020,I don't notice where the information is coming from,3,1,2,-,-,-,-,2,-,1,-,-,1,2,,,,,,,,,,,,,,,,,,,,,,,,,,,,,,,,,,,,,,,,,,,,,,,,,,,,,,,,,,,,,,
Table 12,Q4a. Types of news/information seen on social media and search engines in last week: WhatsApp group(s),ONLINE Fieldwork: 15th to 17th May 2020,Unweighted base,90,46,44,18,17,27,20,8,5,12,34,30,13,13,,,,,,,,,,,,,,,,,,,,,,,,,,,,,,,,,,,,,,,,,,,,,,,,,,,,,,,,,,,,,,
Table 12,Q4a. Types of news/information seen on social media and search engines in last week: WhatsApp group(s),ONLINE Fieldwork: 15th to 17th May 2020,Weighted base,94*,51*,44*,21**,19**,28**,22**,7**,7**,10**,33**,33**,16**,12**,,,,,,,,,,,,,,,,,,,,,,,,,,,,,,,,,,,,,,,,,,,,,,,,,,,,,,,,,,,,,,
Table 12,Q4a. Types of news/information seen on social media and search engines in last week: WhatsApp group(s),ONLINE Fieldwork: 15th to 17th May 2020,Opinions from a person you know,56,33,24,16,15,17,10,2,3,8,20,22,5,9,,,,,,,,,,,,,,,,,,,,,,,,,,,,,,,,,,,,,,,,,,,,,,,,,,,,,,,,,,,,,,
Table 12,Q4a. Types of news/information seen on social media and search engines in last week: WhatsApp group(s),ONLINE Fieldwork: 15th to 17th May 2020,Facts forwarded/ posted/ shared from a person you know,49,22,28,13,13,12,9,5,4,6,19,18,8,4,,,,,,,,,,,,,,,,,,,,,,,,,,,,,,,,,,,,,,,,,,,,,,,,,,,,,,,,,,,,,,
Table 12,Q4a. Types of news/information seen on social media and search engines in last week: WhatsApp group(s),ONLINE Fieldwork: 15th to 17th May 2020,Opinions from a person you don't know,24,10,14,7,6,11,5,1,-,1,8,11,3,1,,,,,,,,,,,,,,,,,,,,,,,,,,,,,,,,,,,,,,,,,,,,,,,,,,,,,,,,,,,,,,
Table 12,Q4a. Types of news/information seen on social media and search engines in last week: WhatsApp group(s),ONLINE Fieldwork: 15th to 17th May 2020,Facts forwarded/ posted/ shared from a person you don't know,20,7,13,6,6,7,4,1,-,1,6,11,1,2,,,,,,,,,,,,,,,,,,,,,,,,,,,,,,,,,,,,,,,,,,,,,,,,,,,,,,,,,,,,,,
Table 12,Q4a. Types of news/information seen on social media and search engines in last week: WhatsApp group(s),ONLINE Fieldwork: 15th to 17th May 2020,"Directly from traditional TV or press news sources such as the BBC, Telegraph, The Daily Mail, etc",18,9,9,1,1,10,5,1,-,1,6,8,2,1,,,,,,,,,,,,,,,,,,,,,,,,,,,,,,,,,,,,,,,,,,,,,,,,,,,,,,,,,,,,,,
Table 12,Q4a. Types of news/information seen on social media and search engines in last week: WhatsApp group(s),ONLINE Fieldwork: 15th to 17th May 2020,"Directly from official sources such as NHS, Government etc",16,5,11,-,-,8,7,2,-,1,1,6,8,1,,,,,,,,,,,,,,,,,,,,,,,,,,,,,,,,,,,,,,,,,,,,,,,,,,,,,,,,,,,,,,
Table 12,Q4a. Types of news/information seen on social media and search engines in last week: WhatsApp group(s),ONLINE Fieldwork: 15th to 17th May 2020,"Directly from online news providers like Buzzfeed, Huffington Post, Vice, etc.",7,5,2,2,-,3,1,1,-,-,4,3,-,-,,,,,,,,,,,,,,,,,,,,,,,,,,,,,,,,,,,,,,,,,,,,,,,,,,,,,,,,,,,,,,
Table 12,Q4a. Types of news/information seen on social media and search engines in last week: WhatsApp group(s),ONLINE Fieldwork: 15th to 17th May 2020,"Directly from 'Nonmainstream' news sources such as Russia Today, Breitbart, Swawkbox etc",6,3,3,*,*,3,2,1,-,-,2,1,2,-,,,,,,,,,,,,,,,,,,,,,,,,,,,,,,,,,,,,,,,,,,,,,,,,,,,,,,,,,,,,,,
Table 12,Q4a. Types of news/information seen on social media and search engines in last week: WhatsApp group(s),ONLINE Fieldwork: 15th to 17th May 2020,I don't notice where the information is coming from,6,4,2,1,1,2,3,-,-,1,4,-,1,1,,,,,,,,,,,,,,,,,,,,,,,,,,,,,,,,,,,,,,,,,,,,,,,,,,,,,,,,,,,,,,
Table 12,Q4a. Types of news/information seen on social media and search engines in last week: WhatsApp group(s),ONLINE Fieldwork: 29th to 31st May 2020,Unweighted base,85,44,41,11,10,23,20,13,7,11,33,22,14,16,,,,,,,,,,,,,,,,,,,,,,,,,,,,,,,,,,,,,,,,,,,,,,,,,,,,,,,,,,,,,,
Table 12,Q4a. Types of news/information seen on social media and search engines in last week: WhatsApp group(s),ONLINE Fieldwork: 29th to 31st May 2020,Weighted base,91*,50*,41*,13**,12**,27**,23**,10**,6**,12**,37**,21**,13**,21**,,,,,,,,,,,,,,,,,,,,,,,,,,,,,,,,,,,,,,,,,,,,,,,,,,,,,,,,,,,,,,
Table 12,Q4a. Types of news/information seen on social media and search engines in last week: WhatsApp group(s),ONLINE Fieldwork: 29th to 31st May 2020,Opinions from a person you know,58,33,25,11,10,16,12,7,6,6,17,15,11,15,,,,,,,,,,,,,,,,,,,,,,,,,,,,,,,,,,,,,,,,,,,,,,,,,,,,,,,,,,,,,,
Table 12,Q4a. Types of news/information seen on social media and search engines in last week: WhatsApp group(s),ONLINE Fieldwork: 29th to 31st May 2020,Facts forwarded/ posted/ shared from a person you know,49,23,26,9,8,10,13,7,1,9,18,11,9,11,,,,,,,,,,,,,,,,,,,,,,,,,,,,,,,,,,,,,,,,,,,,,,,,,,,,,,,,,,,,,,
Table 12,Q4a. Types of news/information seen on social media and search engines in last week: WhatsApp group(s),ONLINE Fieldwork: 29th to 31st May 2020,"Directly from traditional TV or press news sources such as the BBC, Telegraph, The Daily Mail, etc",21,9,11,-,-,8,8,2,-,3,5,4,2,9,,,,,,,,,,,,,,,,,,,,,,,,,,,,,,,,,,,,,,,,,,,,,,,,,,,,,,,,,,,,,,
Table 12,Q4a. Types of news/information seen on social media and search engines in last week: WhatsApp group(s),ONLINE Fieldwork: 29th to 31st May 2020,"Directly from official sources such as NHS, Government etc",16,6,10,-,-,2,9,1,1,3,6,3,4,4,,,,,,,,,,,,,,,,,,,,,,,,,,,,,,,,,,,,,,,,,,,,,,,,,,,,,,,,,,,,,,
Table 12,Q4a. Types of news/information seen on social media and search engines in last week: WhatsApp group(s),ONLINE Fieldwork: 29th to 31st May 2020,Opinions from a person you don't know,15,13,3,2,2,4,7,1,*,2,4,6,2,4,,,,,,,,,,,,,,,,,,,,,,,,,,,,,,,,,,,,,,,,,,,,,,,,,,,,,,,,,,,,,,
Table 12,Q4a. Types of news/information seen on social media and search engines in last week: WhatsApp group(s),ONLINE Fieldwork: 29th to 31st May 2020,Facts forwarded/ posted/ shared from a person you don't know,13,8,5,2,2,3,4,2,*,2,6,5,1,2,,,,,,,,,,,,,,,,,,,,,,,,,,,,,,,,,,,,,,,,,,,,,,,,,,,,,,,,,,,,,,
Table 12,Q4a. Types of news/information seen on social media and search engines in last week: WhatsApp group(s),ONLINE Fieldwork: 29th to 31st May 2020,"Directly from online news providers like Buzzfeed, Huffington Post, Vice, etc.",9,3,6,-,-,4,2,1,-,2,1,-,2,6,,,,,,,,,,,,,,,,,,,,,,,,,,,,,,,,,,,,,,,,,,,,,,,,,,,,,,,,,,,,,,
Table 12,Q4a. Types of news/information seen on social media and search engines in last week: WhatsApp group(s),ONLINE Fieldwork: 29th to 31st May 2020,"Directly from 'Nonmainstream' news sources such as Russia Today, Breitbart, Swawkbox etc",9,6,3,-,-,2,5,1,-,1,3,2,2,2,,,,,,,,,,,,,,,,,,,,,,,,,,,,,,,,,,,,,,,,,,,,,,,,,,,,,,,,,,,,,,
Table 12,Q4a. Types of news/information seen on social media and search engines in last week: WhatsApp group(s),ONLINE Fieldwork: 29th to 31st May 2020,I don't notice where the information is coming from,4,2,2,1,1,2,-,1,-,-,4,-,-,1,,,,,,,,,,,,,,,,,,,,,,,,,,,,,,,,,,,,,,,,,,,,,,,,,,,,,,,,,,,,,,
Table 32,Q4a. Types of news/information seen on social media and search engines in last week: WhatsApp group(s),ONLINE Fieldwork: 22nd to 24th May 2020,Unweighted base,87,46,41,9,9,17,21,12,13,15,42,22,12,11,9,2,10,8,9,6,4,7,19,9,3,1,,26,39,26,,,,,,,,,,,,,,,,,,,,,,,,,,,,,,,,,,,,,,,,,,,,,,
Table 32,Q4a. Types of news/information seen on social media and search engines in last week: WhatsApp group(s),ONLINE Fieldwork: 22nd to 24th May 2020,Weighted base,86*,46*,40*,10**,10**,17**,19**,13**,12**,14**,41*,23**,13**,9**,9**,2**,9**,9**,9**,6**,4**,6**,19**,11**,2**,1**,,26**,36*,27**,,,,,,,,,,,,,,,,,,,,,,,,,,,,,,,,,,,,,,,,,,,,,,
Table 32,Q4a. Types of news/information seen on social media and search engines in last week: WhatsApp group(s),ONLINE Fieldwork: 22nd to 24th May 2020,Opinions from a person you know,59,32,27,10,10,12,17,6,4,11,33,13,9,5,8,1,4,6,8,1,4,2,12,10,2,-,,19,23,17,,,,,,,,,,,,,,,,,,,,,,,,,,,,,,,,,,,,,,,,,,,,,,
Table 32,Q4a. Types of news/information seen on social media and search engines in last week: WhatsApp group(s),ONLINE Fieldwork: 22nd to 24th May 2020,Facts forwarded/ posted/ shared from a person you know,58,28,30,6,6,12,15,7,8,11,26,17,9,6,7,2,4,7,6,1,4,4,16,4,2,1,,20,22,20,,,,,,,,,,,,,,,,,,,,,,,,,,,,,,,,,,,,,,,,,,,,,,
Table 32,Q4a. Types of news/information seen on social media and search engines in last week: WhatsApp group(s),ONLINE Fieldwork: 22nd to 24th May 2020,Opinions from a person you don't know,19,11,8,3,3,5,4,4,1,2,7,5,5,3,1,-,3,-,2,1,2,2,5,4,-,-,,6,7,10,,,,,,,,,,,,,,,,,,,,,,,,,,,,,,,,,,,,,,,,,,,,,,
Table 32,Q4a. Types of news/information seen on social media and search engines in last week: WhatsApp group(s),ONLINE Fieldwork: 22nd to 24th May 2020,"Directly from official sources such as NHS, Government etc",13,9,4,-,-,3,3,4,3,1,4,6,1,2,1,-,1,-,2,2,-,3,4,-,1,-,,6,5,6,,,,,,,,,,,,,,,,,,,,,,,,,,,,,,,,,,,,,,,,,,,,,,
Table 32,Q4a. Types of news/information seen on social media and search engines in last week: WhatsApp group(s),ONLINE Fieldwork: 22nd to 24th May 2020,"Directly from traditional TV or press news sources such as the BBC, Telegraph, The Daily Mail, etc",12,4,8,1,1,2,3,2,2,2,6,3,1,2,1,-,3,2,1,1,-,1,3,1,-,-,,4,6,2,,,,,,,,,,,,,,,,,,,,,,,,,,,,,,,,,,,,,,,,,,,,,,
Table 32,Q4a. Types of news/information seen on social media and search engines in last week: WhatsApp group(s),ONLINE Fieldwork: 22nd to 24th May 2020,Facts forwarded/ posted/ shared from a person you don't know,11,7,4,2,2,1,5,3,-,*,4,3,1,2,-,-,1,-,3,-,2,-,3,2,-,-,,4,5,5,,,,,,,,,,,,,,,,,,,,,,,,,,,,,,,,,,,,,,,,,,,,,,
Table 32,Q4a. Types of news/information seen on social media and search engines in last week: WhatsApp group(s),ONLINE Fieldwork: 22nd to 24th May 2020,"Directly from 'Nonmainstream' news sources such as Russia Today, Breitbart, Swawkbox etc",4,2,2,-,-,3,1,*,-,-,*,4,-,-,-,-,*,-,-,1,-,-,2,-,-,-,,-,3,3,,,,,,,,,,,,,,,,,,,,,,,,,,,,,,,,,,,,,,,,,,,,,,
Table 32,Q4a. Types of news/information seen on social media and search engines in last week: WhatsApp group(s),ONLINE Fieldwork: 22nd to 24th May 2020,"Directly from online news providers like Buzzfeed, Huffington Post, Vice, etc.",1,1,-,-,-,1,-,-,-,1,1,-,-,1,-,-,-,-,-,1,-,1,-,-,-,-,,1,-,1,,,,,,,,,,,,,,,,,,,,,,,,,,,,,,,,,,,,,,,,,,,,,,
Table 32,Q4a. Types of news/information seen on social media and search engines in last week: WhatsApp group(s),ONLINE Fieldwork: 22nd to 24th May 2020,Weighted base,86*,46*,40*,10**,10**,17**,19**,13**,12**,14**,41*,23**,13**,9**,9**,2**,9**,9**,9**,6**,4**,6**,19**,11**,2**,1**,,26**,36*,27**,,,,,,,,,,,,,,,,,,,,,,,,,,,,,,,,,,,,,,,,,,,,,,
Table 32,Q4a. Types of news/information seen on social media and search engines in last week: WhatsApp group(s),ONLINE Fieldwork: 22nd to 24th May 2020,I don't notice where the information is coming from,3,-,3,1,1,-,-,2,1,-,1,-,2,1,1,-,2,-,-,-,-,-,-,-,-,-,,1,1,-,,,,,,,,,,,,,,,,,,,,,,,,,,,,,,,,,,,,,,,,,,,,,,
Table 33,Q4a. Types of news/information seen on social media and search engines in last week: WhatsApp group(s),ONLINE Fieldwork: 22nd to 24th May 2020,Unweighted base,87,,,,,,,,,,,,,,,,,,,,,,,,,,,,,,77,52,71,45,61,69,23,57,87,87,50,60,82,4,16,13,2,56,13,,,,,,,,,,,,,,,,,,,,,,,,,,,
Table 33,Q4a. Types of news/information seen on social media and search engines in last week: WhatsApp group(s),ONLINE Fieldwork: 22nd to 24th May 2020,Weighted base,86*,,,,,,,,,,,,,,,,,,,,,,,,,,,,,,75*,52*,69*,42*,59*,69*,22**,57*,86*,86*,47*,57*,80*,3**,18**,11**,1**,56*,11**,,,,,,,,,,,,,,,,,,,,,,,,,,,
Table 33,Q4a. Types of news/information seen on social media and search engines in last week: WhatsApp group(s),ONLINE Fieldwork: 22nd to 24th May 2020,Opinions from a person you know,59,,,,,,,,,,,,,,,,,,,,,,,,,,,,,,52,37,48,32,40,50,16,44,59,59,36,47,56,2,14,9,1,38,6,,,,,,,,,,,,,,,,,,,,,,,,,,,
Table 33,Q4a. Types of news/information seen on social media and search engines in last week: WhatsApp group(s),ONLINE Fieldwork: 22nd to 24th May 2020,Facts forwarded/ posted/ shared from a person you know,58,,,,,,,,,,,,,,,,,,,,,,,,,,,,,,50,36,48,34,43,46,9,35,58,58,30,43,55,2,10,7,1,39,8,,,,,,,,,,,,,,,,,,,,,,,,,,,
Table 33,Q4a. Types of news/information seen on social media and search engines in last week: WhatsApp group(s),ONLINE Fieldwork: 22nd to 24th May 2020,Opinions from a person you don't know,19,,,,,,,,,,,,,,,,,,,,,,,,,,,,,,16,13,15,7,14,16,6,13,19,19,13,10,17,1,1,2,1,13,1,,,,,,,,,,,,,,,,,,,,,,,,,,,
Table 33,Q4a. Types of news/information seen on social media and search engines in last week: WhatsApp group(s),ONLINE Fieldwork: 22nd to 24th May 2020,"Directly from official sources such as NHS, Government etc",13,,,,,,,,,,,,,,,,,,,,,,,,,,,,,,10,4,9,4,11,8,4,7,13,13,6,5,10,1,-,1,-,8,3,,,,,,,,,,,,,,,,,,,,,,,,,,,
Table 33,Q4a. Types of news/information seen on social media and search engines in last week: WhatsApp group(s),ONLINE Fieldwork: 22nd to 24th May 2020,"Directly from traditional TV or press news sources such as the BBC, Telegraph, The Daily Mail, etc",12,,,,,,,,,,,,,,,,,,,,,,,,,,,,,,11,5,10,5,10,7,2,7,12,12,7,7,11,1,2,1,-,8,4,,,,,,,,,,,,,,,,,,,,,,,,,,,
Table 33,Q4a. Types of news/information seen on social media and search engines in last week: WhatsApp group(s),ONLINE Fieldwork: 22nd to 24th May 2020,Facts forwarded/ posted/ shared from a person you don't know,11,,,,,,,,,,,,,,,,,,,,,,,,,,,,,,8,6,7,4,8,9,3,8,11,11,8,7,9,1,1,1,1,7,-,,,,,,,,,,,,,,,,,,,,,,,,,,,
Table 33,Q4a. Types of news/information seen on social media and search engines in last week: WhatsApp group(s),ONLINE Fieldwork: 22nd to 24th May 2020,"Directly from 'Nonmainstream' news sources such as Russia Today, Breitbart, Swawkbox etc",4,,,,,,,,,,,,,,,,,,,,,,,,,,,,,,4,3,2,2,2,4,3,3,4,4,1,*,4,-,-,-,-,4,*,,,,,,,,,,,,,,,,,,,,,,,,,,,
Table 33,Q4a. Types of news/information seen on social media and search engines in last week: WhatsApp group(s),ONLINE Fieldwork: 22nd to 24th May 2020,Weighted base,86*,,,,,,,,,,,,,,,,,,,,,,,,,,,,,,75*,52*,69*,42*,59*,69*,22**,57*,86*,86*,47*,57*,80*,3**,18**,11**,1**,56*,11**,,,,,,,,,,,,,,,,,,,,,,,,,,,
Table 33,Q4a. Types of news/information seen on social media and search engines in last week: WhatsApp group(s),ONLINE Fieldwork: 22nd to 24th May 2020,"Directly from online news providers like Buzzfeed, Huffington Post, Vice, etc.",1,,,,,,,,,,,,,,,,,,,,,,,,,,,,,,1,1,1,1,1,1,1,1,1,1,1,-,1,-,-,-,-,1,-,,,,,,,,,,,,,,,,,,,,,,,,,,,
Table 33,Q4a. Types of news/information seen on social media and search engines in last week: WhatsApp group(s),ONLINE Fieldwork: 22nd to 24th May 2020,I don't notice where the information is coming from,3,,,,,,,,,,,,,,,,,,,,,,,,,,,,,,3,1,3,1,2,3,1,3,3,3,1,2,3,-,2,-,-,2,-,,,,,,,,,,,,,,,,,,,,,,,,,,,
Table 34,Q4a. Types of news/information seen on social media and search engines in last week: WhatsApp group(s),ONLINE Fieldwork: 22nd to 24th May 2020,Unweighted base,87,,,,,,,,,,,,,,,,,,,,,,,,,,,,,,,,,,,,,,,,,,,,,,,,,18,16,10,11,21,12,12,51,31,33,19,74,28,79,81,84,87,-,,,,,,,,,
Table 34,Q4a. Types of news/information seen on social media and search engines in last week: WhatsApp group(s),ONLINE Fieldwork: 22nd to 24th May 2020,Weighted base,86*,,,,,,,,,,,,,,,,,,,,,,,,,,,,,,,,,,,,,,,,,,,,,,,,,17**,16**,9**,11**,19**,11**,12**,50*,30**,32**,18**,71*,28**,79*,80*,84*,86*,-**,,,,,,,,,
Table 34,Q4a. Types of news/information seen on social media and search engines in last week: WhatsApp group(s),ONLINE Fieldwork: 22nd to 24th May 2020,Opinions from a person you know,59,,,,,,,,,,,,,,,,,,,,,,,,,,,,,,,,,,,,,,,,,,,,,,,,,10,12,4,7,12,5,8,36,25,24,13,50,24,53,55,58,59,-,,,,,,,,,
Table 34,Q4a. Types of news/information seen on social media and search engines in last week: WhatsApp group(s),ONLINE Fieldwork: 22nd to 24th May 2020,Facts forwarded/ posted/ shared from a person you know,58,,,,,,,,,,,,,,,,,,,,,,,,,,,,,,,,,,,,,,,,,,,,,,,,,14,11,7,7,16,5,8,35,20,24,11,46,18,53,54,55,58,-,,,,,,,,,
Table 34,Q4a. Types of news/information seen on social media and search engines in last week: WhatsApp group(s),ONLINE Fieldwork: 22nd to 24th May 2020,Opinions from a person you don't know,19,,,,,,,,,,,,,,,,,,,,,,,,,,,,,,,,,,,,,,,,,,,,,,,,,3,7,3,6,5,1,6,11,6,5,5,14,7,17,17,17,19,-,,,,,,,,,
Table 34,Q4a. Types of news/information seen on social media and search engines in last week: WhatsApp group(s),ONLINE Fieldwork: 22nd to 24th May 2020,"Directly from official sources such as NHS, Government etc",13,,,,,,,,,,,,,,,,,,,,,,,,,,,,,,,,,,,,,,,,,,,,,,,,,1,4,2,2,1,3,2,6,3,5,4,10,3,13,12,12,13,-,,,,,,,,,
Table 34,Q4a. Types of news/information seen on social media and search engines in last week: WhatsApp group(s),ONLINE Fieldwork: 22nd to 24th May 2020,"Directly from traditional TV or press news sources such as the BBC, Telegraph, The Daily Mail, etc",12,,,,,,,,,,,,,,,,,,,,,,,,,,,,,,,,,,,,,,,,,,,,,,,,,2,3,1,2,2,1,1,5,3,4,2,10,6,10,10,10,12,-,,,,,,,,,
Table 34,Q4a. Types of news/information seen on social media and search engines in last week: WhatsApp group(s),ONLINE Fieldwork: 22nd to 24th May 2020,Facts forwarded/ posted/ shared from a person you don't know,11,,,,,,,,,,,,,,,,,,,,,,,,,,,,,,,,,,,,,,,,,,,,,,,,,3,5,3,3,3,2,4,8,3,4,1,7,3,9,10,10,11,-,,,,,,,,,
Table 34,Q4a. Types of news/information seen on social media and search engines in last week: WhatsApp group(s),ONLINE Fieldwork: 22nd to 24th May 2020,"Directly from 'Nonmainstream' news sources such as Russia Today, Breitbart, Swawkbox etc",4,,,,,,,,,,,,,,,,,,,,,,,,,,,,,,,,,,,,,,,,,,,,,,,,,1,1,1,1,*,1,1,2,-,*,*,3,1,4,4,4,4,-,,,,,,,,,
Table 34,Q4a. Types of news/information seen on social media and search engines in last week: WhatsApp group(s),ONLINE Fieldwork: 22nd to 24th May 2020,"Directly from online news providers like Buzzfeed, Huffington Post, Vice, etc.",1,,,,,,,,,,,,,,,,,,,,,,,,,,,,,,,,,,,,,,,,,,,,,,,,,1,1,1,1,-,1,-,1,1,1,1,1,-,1,1,1,1,-,,,,,,,,,
Table 34,Q4a. Types of news/information seen on social media and search engines in last week: WhatsApp group(s),ONLINE Fieldwork: 22nd to 24th May 2020,Weighted base,86*,,,,,,,,,,,,,,,,,,,,,,,,,,,,,,,,,,,,,,,,,,,,,,,,,17**,16**,9**,11**,19**,11**,12**,50*,30**,32**,18**,71*,28**,79*,80*,84*,86*,-**,,,,,,,,,
Table 34,Q4a. Types of news/information seen on social media and search engines in last week: WhatsApp group(s),ONLINE Fieldwork: 22nd to 24th May 2020,I don't notice where the information is coming from,3,,,,,,,,,,,,,,,,,,,,,,,,,,,,,,,,,,,,,,,,,,,,,,,,,1,-,-,1,-,1,1,1,1,1,-,3,1,3,3,3,3,-,,,,,,,,,
Table 12,Q4a. Types of news/information seen on social media and search engines in last week: WhatsApp group(s),ONLINE Fieldwork: 3rd to 5th April 2020,Unweighted base,127,71,56,25,23,32,22,14,17,17,51,37,25,14,,,,,,,,,,,,,,,,,,,,,,,,,,,,,,,,,,,,,,,,,,,,,,,,,,,,,,,,,,,,,,
Table 12,Q4a. Types of news/information seen on social media and search engines in last week: WhatsApp group(s),ONLINE Fieldwork: 3rd to 5th April 2020,Weighted base,132,69*,63*,28**,25**,33**,27**,16**,14**,15**,59*,37*,24**,13**,,,,,,,,,,,,,,,,,,,,,,,,,,,,,,,,,,,,,,,,,,,,,,,,,,,,,,,,,,,,,,
Table 12,Q4a. Types of news/information seen on social media and search engines in last week: WhatsApp group(s),ONLINE Fieldwork: 3rd to 5th April 2020,Facts forwarded/ posted/ shared from a person you know,91,46,46,16,15,24,19,9,10,13,39,25,16,11,,,,,,,,,,,,,,,,,,,,,,,,,,,,,,,,,,,,,,,,,,,,,,,,,,,,,,,,,,,,,,
Table 12,Q4a. Types of news/information seen on social media and search engines in last week: WhatsApp group(s),ONLINE Fieldwork: 3rd to 5th April 2020,Opinions from a person you know,84,44,40,20,19,20,14,11,8,11,36,25,13,10,,,,,,,,,,,,,,,,,,,,,,,,,,,,,,,,,,,,,,,,,,,,,,,,,,,,,,,,,,,,,,
Table 12,Q4a. Types of news/information seen on social media and search engines in last week: WhatsApp group(s),ONLINE Fieldwork: 3rd to 5th April 2020,Facts forwarded/ posted/ shared from a person you don't know,26,15,12,4,4,12,8,-,*,2,13,6,4,2,,,,,,,,,,,,,,,,,,,,,,,,,,,,,,,,,,,,,,,,,,,,,,,,,,,,,,,,,,,,,,
Table 12,Q4a. Types of news/information seen on social media and search engines in last week: WhatsApp group(s),ONLINE Fieldwork: 3rd to 5th April 2020,Opinions from a person you don't know,21,14,7,4,4,11,5,1,-,1,12,3,4,3,,,,,,,,,,,,,,,,,,,,,,,,,,,,,,,,,,,,,,,,,,,,,,,,,,,,,,,,,,,,,,
Table 12,Q4a. Types of news/information seen on social media and search engines in last week: WhatsApp group(s),ONLINE Fieldwork: 3rd to 5th April 2020,"Directly from official sources such as NHS, Government etc",16,11,5,4,2,4,3,2,1,1,8,5,1,1,,,,,,,,,,,,,,,,,,,,,,,,,,,,,,,,,,,,,,,,,,,,,,,,,,,,,,,,,,,,,,
Table 12,Q4a. Types of news/information seen on social media and search engines in last week: WhatsApp group(s),ONLINE Fieldwork: 3rd to 5th April 2020,"Directly from traditional TV or press news sources such as the BBC, Telegraph, The Daily Mail, etc",13,9,4,1,1,4,5,1,*,1,8,2,*,2,,,,,,,,,,,,,,,,,,,,,,,,,,,,,,,,,,,,,,,,,,,,,,,,,,,,,,,,,,,,,,
Table 12,Q4a. Types of news/information seen on social media and search engines in last week: WhatsApp group(s),ONLINE Fieldwork: 3rd to 5th April 2020,"Directly from online news providers like Buzzfeed, Huffington Post, Vice, etc.",9,7,2,1,1,3,4,-,-,1,4,2,1,2,,,,,,,,,,,,,,,,,,,,,,,,,,,,,,,,,,,,,,,,,,,,,,,,,,,,,,,,,,,,,,
Table 12,Q4a. Types of news/information seen on social media and search engines in last week: WhatsApp group(s),ONLINE Fieldwork: 3rd to 5th April 2020,"Directly from 'Nonmainstream' news sources such as Russia Today, Breitbart, Swawkbox etc",7,4,3,2,2,1,2,-,-,1,5,1,1,1,,,,,,,,,,,,,,,,,,,,,,,,,,,,,,,,,,,,,,,,,,,,,,,,,,,,,,,,,,,,,,
Table 12,Q4a. Types of news/information seen on social media and search engines in last week: WhatsApp group(s),ONLINE Fieldwork: 3rd to 5th April 2020,I don't notice where the information is coming from,7,1,6,2,2,-,4,-,2,-,4,3,-,-,,,,,,,,,,,,,,,,,,,,,,,,,,,,,,,,,,,,,,,,,,,,,,,,,,,,,,,,,,,,,,
Table 12,Q4a. Types of news/information seen on social media and search engines in last week: WhatsApp group(s),ONLINE Fieldwork: 7th to 10th May 2020,Unweighted base,96,51,45,18,17,29,16,7,11,15,53,18,9,16,,,,,,,,,,,,,,,,,,,,,,,,,,,,,,,,,,,,,,,,,,,,,,,,,,,,,,,,,,,,,,
Table 12,Q4a. Types of news/information seen on social media and search engines in last week: WhatsApp group(s),ONLINE Fieldwork: 7th to 10th May 2020,Weighted base,97*,50*,47*,17**,14**,29**,17**,10**,9**,14**,47*,20**,10**,21**,,,,,,,,,,,,,,,,,,,,,,,,,,,,,,,,,,,,,,,,,,,,,,,,,,,,,,,,,,,,,,
Table 12,Q4a. Types of news/information seen on social media and search engines in last week: WhatsApp group(s),ONLINE Fieldwork: 7th to 10th May 2020,Opinions from a person you know,71,37,34,10,10,21,13,9,8,11,35,13,5,18,,,,,,,,,,,,,,,,,,,,,,,,,,,,,,,,,,,,,,,,,,,,,,,,,,,,,,,,,,,,,,
Table 12,Q4a. Types of news/information seen on social media and search engines in last week: WhatsApp group(s),ONLINE Fieldwork: 7th to 10th May 2020,Facts forwarded/ posted/ shared from a person you know,63,34,30,9,9,22,10,7,5,11,31,13,6,13,,,,,,,,,,,,,,,,,,,,,,,,,,,,,,,,,,,,,,,,,,,,,,,,,,,,,,,,,,,,,,
Table 12,Q4a. Types of news/information seen on social media and search engines in last week: WhatsApp group(s),ONLINE Fieldwork: 7th to 10th May 2020,Opinions from a person you don't know,21,16,5,2,2,8,5,1,3,2,13,4,-,4,,,,,,,,,,,,,,,,,,,,,,,,,,,,,,,,,,,,,,,,,,,,,,,,,,,,,,,,,,,,,,
Table 12,Q4a. Types of news/information seen on social media and search engines in last week: WhatsApp group(s),ONLINE Fieldwork: 7th to 10th May 2020,Facts forwarded/ posted/ shared from a person you don't know,21,12,9,3,3,8,4,1,1,3,14,2,-,5,,,,,,,,,,,,,,,,,,,,,,,,,,,,,,,,,,,,,,,,,,,,,,,,,,,,,,,,,,,,,,
Table 12,Q4a. Types of news/information seen on social media and search engines in last week: WhatsApp group(s),ONLINE Fieldwork: 7th to 10th May 2020,"Directly from official sources such as NHS, Government etc",19,9,10,3,1,7,4,3,2,-,5,5,2,7,,,,,,,,,,,,,,,,,,,,,,,,,,,,,,,,,,,,,,,,,,,,,,,,,,,,,,,,,,,,,,
Table 12,Q4a. Types of news/information seen on social media and search engines in last week: WhatsApp group(s),ONLINE Fieldwork: 7th to 10th May 2020,"Directly from traditional TV or press news sources such as the BBC, Telegraph, The Daily Mail, etc",17,10,7,3,1,5,4,1,1,2,4,7,1,4,,,,,,,,,,,,,,,,,,,,,,,,,,,,,,,,,,,,,,,,,,,,,,,,,,,,,,,,,,,,,,
Table 12,Q4a. Types of news/information seen on social media and search engines in last week: WhatsApp group(s),ONLINE Fieldwork: 7th to 10th May 2020,"Directly from online news providers like Buzzfeed, Huffington Post, Vice, etc.",9,7,2,-,-,5,3,-,-,1,4,1,-,4,,,,,,,,,,,,,,,,,,,,,,,,,,,,,,,,,,,,,,,,,,,,,,,,,,,,,,,,,,,,,,
Table 12,Q4a. Types of news/information seen on social media and search engines in last week: WhatsApp group(s),ONLINE Fieldwork: 7th to 10th May 2020,"Directly from 'Nonmainstream' news sources such as Russia Today, Breitbart, Swawkbox etc",6,4,2,-,-,3,2,-,-,-,2,-,-,4,,,,,,,,,,,,,,,,,,,,,,,,,,,,,,,,,,,,,,,,,,,,,,,,,,,,,,,,,,,,,,
Table 12,Q4a. Types of news/information seen on social media and search engines in last week: WhatsApp group(s),ONLINE Fieldwork: 7th to 10th May 2020,I don't notice where the information is coming from,3,3,1,1,1,1,1,-,-,-,2,-,1,-,,,,,,,,,,,,,,,,,,,,,,,,,,,,,,,,,,,,,,,,,,,,,,,,,,,,,,,,,,,,,,
Table 12,Q4a. Types of news/information seen on social media and search engines in last week: WhatsApp group(s),ONLINE Fieldwork: 24th to 26th April 2020,Unweighted base,76,40,36,17,17,22,15,8,7,7,30,30,9,7,,,,,,,,,,,,,,,,,,,,,,,,,,,,,,,,,,,,,,,,,,,,,,,,,,,,,,,,,,,,,,
Table 12,Q4a. Types of news/information seen on social media and search engines in last week: WhatsApp group(s),ONLINE Fieldwork: 24th to 26th April 2020,Weighted base,79*,49*,30*,19**,19**,25**,16**,7**,7**,6**,34**,30**,10**,6**,,,,,,,,,,,,,,,,,,,,,,,,,,,,,,,,,,,,,,,,,,,,,,,,,,,,,,,,,,,,,,
Table 12,Q4a. Types of news/information seen on social media and search engines in last week: WhatsApp group(s),ONLINE Fieldwork: 24th to 26th April 2020,Opinions from a person you know,53,35,18,15,15,17,12,5,2,3,25,14,10,4,,,,,,,,,,,,,,,,,,,,,,,,,,,,,,,,,,,,,,,,,,,,,,,,,,,,,,,,,,,,,,
Table 12,Q4a. Types of news/information seen on social media and search engines in last week: WhatsApp group(s),ONLINE Fieldwork: 24th to 26th April 2020,Facts forwarded/ posted/ shared from a person you know,41,25,16,12,12,11,9,4,3,3,19,16,6,1,,,,,,,,,,,,,,,,,,,,,,,,,,,,,,,,,,,,,,,,,,,,,,,,,,,,,,,,,,,,,,
Table 12,Q4a. Types of news/information seen on social media and search engines in last week: WhatsApp group(s),ONLINE Fieldwork: 24th to 26th April 2020,"Directly from official sources such as NHS, Government etc",19,13,6,2,2,8,4,4,*,-,6,11,1,1,,,,,,,,,,,,,,,,,,,,,,,,,,,,,,,,,,,,,,,,,,,,,,,,,,,,,,,,,,,,,,
Table 12,Q4a. Types of news/information seen on social media and search engines in last week: WhatsApp group(s),ONLINE Fieldwork: 24th to 26th April 2020,Opinions from a person you don't know,16,9,7,4,4,6,3,2,2,-,6,6,3,1,,,,,,,,,,,,,,,,,,,,,,,,,,,,,,,,,,,,,,,,,,,,,,,,,,,,,,,,,,,,,,
Table 12,Q4a. Types of news/information seen on social media and search engines in last week: WhatsApp group(s),ONLINE Fieldwork: 24th to 26th April 2020,"Directly from traditional TV or press news sources such as the BBC, Telegraph, The Daily Mail, etc",15,10,5,6,6,6,2,1,*,-,4,6,4,-,,,,,,,,,,,,,,,,,,,,,,,,,,,,,,,,,,,,,,,,,,,,,,,,,,,,,,,,,,,,,,
Table 12,Q4a. Types of news/information seen on social media and search engines in last week: WhatsApp group(s),ONLINE Fieldwork: 24th to 26th April 2020,Facts forwarded/ posted/ shared from a person you don't know,13,8,5,2,2,5,6,*,-,-,6,4,2,-,,,,,,,,,,,,,,,,,,,,,,,,,,,,,,,,,,,,,,,,,,,,,,,,,,,,,,,,,,,,,,
Table 12,Q4a. Types of news/information seen on social media and search engines in last week: WhatsApp group(s),ONLINE Fieldwork: 24th to 26th April 2020,"Directly from 'Nonmainstream' news sources such as Russia Today, Breitbart, Swawkbox etc",9,8,1,-,-,6,3,-,-,-,4,4,1,-,,,,,,,,,,,,,,,,,,,,,,,,,,,,,,,,,,,,,,,,,,,,,,,,,,,,,,,,,,,,,,
Table 12,Q4a. Types of news/information seen on social media and search engines in last week: WhatsApp group(s),ONLINE Fieldwork: 24th to 26th April 2020,"Directly from online news providers like Buzzfeed, Huffington Post, Vice, etc.",4,4,-,-,-,2,1,1,-,-,-,4,-,-,,,,,,,,,,,,,,,,,,,,,,,,,,,,,,,,,,,,,,,,,,,,,,,,,,,,,,,,,,,,,,
Table 12,Q4a. Types of news/information seen on social media and search engines in last week: WhatsApp group(s),ONLINE Fieldwork: 24th to 26th April 2020,I don't notice where the information is coming from,2,-,2,1,1,-,-,1,-,1,1,1,-,1,,,,,,,,,,,,,,,,,,,,,,,,,,,,,,,,,,,,,,,,,,,,,,,,,,,,,,,,,,,,,,
Table 13,Q4a. Types of news/information seen on social media and search engines in last week: WhatsApp group(s),ONLINE Fieldwork: 5th to 11th April 2021,Unweighted base,80,50,30,18,18,26,14,9,8,5,31,25,14,10,3,2,6,12,4,6,1,4,24,12,3,3,73,,,,,,,,,,,,,,,,,,,,,,,,,,,,,,,,,,,,,,,,,,,,,,,,,
Table 13,Q4a. Types of news/information seen on social media and search engines in last week: WhatsApp group(s),ONLINE Fieldwork: 5th to 11th April 2021,Weighted base,84*,52*,32**,19**,19**,27**,17**,9**,8**,5**,31**,31**,16**,7**,3**,2**,7**,12**,6**,6**,2**,5**,24**,12**,3**,2**,77*,,,,,,,,,,,,,,,,,,,,,,,,,,,,,,,,,,,,,,,,,,,,,,,,,
Table 13,Q4a. Types of news/information seen on social media and search engines in last week: WhatsApp group(s),ONLINE Fieldwork: 5th to 11th April 2021,Facts forwarded/ posted/ shared from a person you know,49,29,21,10,10,15,11,7,4,3,21,14,10,4,-,-,4,5,5,3,2,1,16,11,3,1,46,,,,,,,,,,,,,,,,,,,,,,,,,,,,,,,,,,,,,,,,,,,,,,,,,
Table 13,Q4a. Types of news/information seen on social media and search engines in last week: WhatsApp group(s),ONLINE Fieldwork: 5th to 11th April 2021,Opinions from a person you know,47,26,21,12,12,13,8,5,6,2,19,12,11,4,1,2,4,7,5,5,-,3,12,6,1,2,43,,,,,,,,,,,,,,,,,,,,,,,,,,,,,,,,,,,,,,,,,,,,,,,,,
Table 13,Q4a. Types of news/information seen on social media and search engines in last week: WhatsApp group(s),ONLINE Fieldwork: 5th to 11th April 2021,"Directly from official sources such as NHS, Government etc",25,17,8,7,7,13,2,3,*,-,6,9,7,3,-,-,4,6,5,1,-,3,4,2,-,-,25,,,,,,,,,,,,,,,,,,,,,,,,,,,,,,,,,,,,,,,,,,,,,,,,,
Table 13,Q4a. Types of news/information seen on social media and search engines in last week: WhatsApp group(s),ONLINE Fieldwork: 5th to 11th April 2021,"Directly from traditional TV or press news sources such as the BBC, Telegraph, The Daily Mail, etc",25,18,7,5,5,11,4,3,3,-,7,8,7,3,3,-,4,3,3,2,-,-,6,4,1,-,23,,,,,,,,,,,,,,,,,,,,,,,,,,,,,,,,,,,,,,,,,,,,,,,,,
Table 13,Q4a. Types of news/information seen on social media and search engines in last week: WhatsApp group(s),ONLINE Fieldwork: 5th to 11th April 2021,Opinions from a person you don't know,18,16,2,3,3,5,6,2,1,-,11,4,3,1,-,-,1,5,-,1,-,-,10,-,1,-,18,,,,,,,,,,,,,,,,,,,,,,,,,,,,,,,,,,,,,,,,,,,,,,,,,
Table 13,Q4a. Types of news/information seen on social media and search engines in last week: WhatsApp group(s),ONLINE Fieldwork: 5th to 11th April 2021,"Directly from online news providers like Buzzfeed, Huffington Post, Vice, etc.",14,11,4,6,6,4,2,2,1,-,6,4,2,2,-,-,2,3,-,-,2,2,3,2,-,-,13,,,,,,,,,,,,,,,,,,,,,,,,,,,,,,,,,,,,,,,,,,,,,,,,,
Table 13,Q4a. Types of news/information seen on social media and search engines in last week: WhatsApp group(s),ONLINE Fieldwork: 5th to 11th April 2021,"Directly from 'Nonmainstream' news sources such as Russia Today, Breitbart, Swawkbox, Infowars, Rebel Media etc",11,6,5,4,4,4,2,1,-,-,4,-,5,2,-,-,2,1,4,-,-,-,4,-,-,-,11,,,,,,,,,,,,,,,,,,,,,,,,,,,,,,,,,,,,,,,,,,,,,,,,,
Table 13,Q4a. Types of news/information seen on social media and search engines in last week: WhatsApp group(s),ONLINE Fieldwork: 5th to 11th April 2021,Facts forwarded/ posted/ shared from a person you don't know,10,7,2,2,2,3,3,-,2,-,7,1,*,2,-,-,1,1,-,1,-,-,6,1,-,1,9,,,,,,,,,,,,,,,,,,,,,,,,,,,,,,,,,,,,,,,,,,,,,,,,,
Table 13,Q4a. Types of news/information seen on social media and search engines in last week: WhatsApp group(s),ONLINE Fieldwork: 5th to 11th April 2021,Weighted base,84*,52*,32**,19**,19**,27**,17**,9**,8**,5**,31**,31**,16**,7**,3**,2**,7**,12**,6**,6**,2**,5**,24**,12**,3**,2**,77*,,,,,,,,,,,,,,,,,,,,,,,,,,,,,,,,,,,,,,,,,,,,,,,,,
Table 13,Q4a. Types of news/information seen on social media and search engines in last week: WhatsApp group(s),ONLINE Fieldwork: 5th to 11th April 2021,I don't notice where the information is coming from,1,*,1,-,-,1,-,-,-,-,*,1,-,-,-,-,-,1,-,-,-,-,-,-,-,-,1,,,,,,,,,,,,,,,,,,,,,,,,,,,,,,,,,,,,,,,,,,,,,,,,,
Table 12,Q4a. Types of news/information seen on social media and search engines in last week: WhatsApp group(s),ONLINE Fieldwork: 5th to 7th June 2020,Unweighted base,108,54,54,19,17,29,27,15,9,9,42,38,17,11,,,,,,,,,,,,,,,,,,,,,,,,,,,,,,,,,,,,,,,,,,,,,,,,,,,,,,,,,,,,,,
Table 12,Q4a. Types of news/information seen on social media and search engines in last week: WhatsApp group(s),ONLINE Fieldwork: 5th to 7th June 2020,Weighted base,100*,50*,50*,23**,21**,29**,20**,12**,8**,8**,38*,34*,18**,10**,,,,,,,,,,,,,,,,,,,,,,,,,,,,,,,,,,,,,,,,,,,,,,,,,,,,,,,,,,,,,,
Table 12,Q4a. Types of news/information seen on social media and search engines in last week: WhatsApp group(s),ONLINE Fieldwork: 5th to 7th June 2020,Opinions from a person you know,75,39,36,18,16,24,13,8,3,8,28,26,14,6,,,,,,,,,,,,,,,,,,,,,,,,,,,,,,,,,,,,,,,,,,,,,,,,,,,,,,,,,,,,,,
Table 12,Q4a. Types of news/information seen on social media and search engines in last week: WhatsApp group(s),ONLINE Fieldwork: 5th to 7th June 2020,Facts forwarded/ posted/ shared from a person you know,72,38,34,22,20,21,11,7,6,5,31,24,13,5,,,,,,,,,,,,,,,,,,,,,,,,,,,,,,,,,,,,,,,,,,,,,,,,,,,,,,,,,,,,,,
Table 12,Q4a. Types of news/information seen on social media and search engines in last week: WhatsApp group(s),ONLINE Fieldwork: 5th to 7th June 2020,"Directly from traditional TV or press news sources such as the BBC, Telegraph, The Daily Mail, etc",19,11,8,7,7,5,4,1,1,1,7,4,4,4,,,,,,,,,,,,,,,,,,,,,,,,,,,,,,,,,,,,,,,,,,,,,,,,,,,,,,,,,,,,,,
Table 12,Q4a. Types of news/information seen on social media and search engines in last week: WhatsApp group(s),ONLINE Fieldwork: 5th to 7th June 2020,Facts forwarded/ posted/ shared from a person you don't know,17,9,8,5,5,5,5,2,-,-,7,7,1,2,,,,,,,,,,,,,,,,,,,,,,,,,,,,,,,,,,,,,,,,,,,,,,,,,,,,,,,,,,,,,,
Table 12,Q4a. Types of news/information seen on social media and search engines in last week: WhatsApp group(s),ONLINE Fieldwork: 5th to 7th June 2020,"Directly from official sources such as NHS, Government etc",17,7,10,6,6,3,2,2,3,1,7,2,5,3,,,,,,,,,,,,,,,,,,,,,,,,,,,,,,,,,,,,,,,,,,,,,,,,,,,,,,,,,,,,,,
Table 12,Q4a. Types of news/information seen on social media and search engines in last week: WhatsApp group(s),ONLINE Fieldwork: 5th to 7th June 2020,Opinions from a person you don't know,16,6,10,5,5,3,3,3,1,-,6,5,3,2,,,,,,,,,,,,,,,,,,,,,,,,,,,,,,,,,,,,,,,,,,,,,,,,,,,,,,,,,,,,,,
Table 12,Q4a. Types of news/information seen on social media and search engines in last week: WhatsApp group(s),ONLINE Fieldwork: 5th to 7th June 2020,"Directly from 'Nonmainstream' news sources such as Russia Today, Breitbart, Swawkbox etc",8,4,5,4,4,3,1,-,1,-,3,2,2,2,,,,,,,,,,,,,,,,,,,,,,,,,,,,,,,,,,,,,,,,,,,,,,,,,,,,,,,,,,,,,,
Table 12,Q4a. Types of news/information seen on social media and search engines in last week: WhatsApp group(s),ONLINE Fieldwork: 5th to 7th June 2020,"Directly from online news providers like Buzzfeed, Huffington Post, Vice, etc.",8,4,5,3,3,4,1,1,-,-,3,1,1,3,,,,,,,,,,,,,,,,,,,,,,,,,,,,,,,,,,,,,,,,,,,,,,,,,,,,,,,,,,,,,,
Table 12,Q4a. Types of news/information seen on social media and search engines in last week: WhatsApp group(s),ONLINE Fieldwork: 5th to 7th June 2020,I don't notice where the information is coming from,1,-,1,-,-,-,1,-,-,-,-,-,-,1,,,,,,,,,,,,,,,,,,,,,,,,,,,,,,,,,,,,,,,,,,,,,,,,,,,,,,,,,,,,,,
Table 13,Q4a. Types of news/information seen on social media and search engines in last week: WhatsApp group(s),ONLINE Fieldwork: 12th to 14th March 2021,Unweighted base,66,35,31,15,13,20,12,8,11,-,28,18,12,8,2,3,7,4,5,1,2,4,21,8,6,3,59,,,,,,,,,,,,,,,,,,,,,,,,,,,,,,,,,,,,,,,,,,,,,,,,,
Table 13,Q4a. Types of news/information seen on social media and search engines in last week: WhatsApp group(s),ONLINE Fieldwork: 12th to 14th March 2021,Weighted base,63*,34**,29**,17**,15**,21**,10**,7**,8**,-**,27**,17**,11**,8**,2**,6**,7**,3**,5**,1**,2**,3**,16**,8**,7**,2**,57*,,,,,,,,,,,,,,,,,,,,,,,,,,,,,,,,,,,,,,,,,,,,,,,,,
Table 13,Q4a. Types of news/information seen on social media and search engines in last week: WhatsApp group(s),ONLINE Fieldwork: 12th to 14th March 2021,Opinions from a person you know,33,14,18,7,6,14,5,3,4,-,16,4,10,3,1,1,4,2,5,-,1,2,8,5,3,1,30,,,,,,,,,,,,,,,,,,,,,,,,,,,,,,,,,,,,,,,,,,,,,,,,,
Table 13,Q4a. Types of news/information seen on social media and search engines in last week: WhatsApp group(s),ONLINE Fieldwork: 12th to 14th March 2021,Facts forwarded/ posted/ shared from a person you know,28,11,17,6,4,9,4,4,5,-,14,8,3,2,1,1,4,2,1,-,-,3,8,3,3,1,25,,,,,,,,,,,,,,,,,,,,,,,,,,,,,,,,,,,,,,,,,,,,,,,,,
Table 13,Q4a. Types of news/information seen on social media and search engines in last week: WhatsApp group(s),ONLINE Fieldwork: 12th to 14th March 2021,"Directly from traditional TV or press news sources such as the BBC, Telegraph, The Daily Mail, etc",19,12,8,3,3,7,4,4,1,-,7,4,4,4,1,2,2,1,2,-,1,1,5,1,2,1,16,,,,,,,,,,,,,,,,,,,,,,,,,,,,,,,,,,,,,,,,,,,,,,,,,
Table 13,Q4a. Types of news/information seen on social media and search engines in last week: WhatsApp group(s),ONLINE Fieldwork: 12th to 14th March 2021,"Directly from official sources such as NHS, Government etc",13,7,6,1,1,6,3,3,1,-,6,4,2,1,-,-,2,-,-,-,1,-,6,1,2,1,11,,,,,,,,,,,,,,,,,,,,,,,,,,,,,,,,,,,,,,,,,,,,,,,,,
Table 13,Q4a. Types of news/information seen on social media and search engines in last week: WhatsApp group(s),ONLINE Fieldwork: 12th to 14th March 2021,Opinions from a person you don't know,10,6,4,1,1,5,4,-,*,-,2,3,5,-,-,-,-,1,3,-,-,1,3,3,-,-,10,,,,,,,,,,,,,,,,,,,,,,,,,,,,,,,,,,,,,,,,,,,,,,,,,
Table 13,Q4a. Types of news/information seen on social media and search engines in last week: WhatsApp group(s),ONLINE Fieldwork: 12th to 14th March 2021,Facts forwarded/ posted/ shared from a person you don't know,9,5,5,1,1,4,4,-,-,-,5,4,*,-,1,-,-,-,1,1,-,1,4,1,-,-,8,,,,,,,,,,,,,,,,,,,,,,,,,,,,,,,,,,,,,,,,,,,,,,,,,
Table 13,Q4a. Types of news/information seen on social media and search engines in last week: WhatsApp group(s),ONLINE Fieldwork: 12th to 14th March 2021,"Directly from 'Nonmainstream' news sources such as Russia Today, Breitbart, Swawkbox, Infowars, Rebel Media etc",5,5,-,3,3,2,-,-,-,-,2,3,1,-,-,3,-,-,-,-,-,-,1,-,2,-,5,,,,,,,,,,,,,,,,,,,,,,,,,,,,,,,,,,,,,,,,,,,,,,,,,
Table 13,Q4a. Types of news/information seen on social media and search engines in last week: WhatsApp group(s),ONLINE Fieldwork: 12th to 14th March 2021,"Directly from online news providers like Buzzfeed, Huffington Post, Vice, etc.",5,3,2,-,-,2,3,-,-,-,2,2,1,-,1,-,1,-,1,-,-,1,1,-,-,1,4,,,,,,,,,,,,,,,,,,,,,,,,,,,,,,,,,,,,,,,,,,,,,,,,,
Table 13,Q4a. Types of news/information seen on social media and search engines in last week: WhatsApp group(s),ONLINE Fieldwork: 12th to 14th March 2021,Weighted base,63*,34**,29**,17**,15**,21**,10**,7**,8**,-**,27**,17**,11**,8**,2**,6**,7**,3**,5**,1**,2**,3**,16**,8**,7**,2**,57*,,,,,,,,,,,,,,,,,,,,,,,,,,,,,,,,,,,,,,,,,,,,,,,,,
Table 13,Q4a. Types of news/information seen on social media and search engines in last week: WhatsApp group(s),ONLINE Fieldwork: 12th to 14th March 2021,I don't notice where the information is coming from,-,-,-,-,-,-,-,-,-,-,-,-,-,-,-,-,-,-,-,-,-,-,-,-,-,-,-,,,,,,,,,,,,,,,,,,,,,,,,,,,,,,,,,,,,,,,,,,,,,,,,,
Table 12,Q4a. Types of news/information seen on social media and search engines in last week: WhatsApp group(s),ONLINE Fieldwork: 1st to 3rd May 2020,Unweighted base,94,45,49,14,14,21,25,14,11,9,42,28,12,12,,,,,,,,,,,,,,,,,,,,,,,,,,,,,,,,,,,,,,,,,,,,,,,,,,,,,,,,,,,,,,
Table 12,Q4a. Types of news/information seen on social media and search engines in last week: WhatsApp group(s),ONLINE Fieldwork: 1st to 3rd May 2020,Weighted base,105*,53*,52*,19**,19**,26**,26**,13**,10**,10**,37*,31**,22**,16**,,,,,,,,,,,,,,,,,,,,,,,,,,,,,,,,,,,,,,,,,,,,,,,,,,,,,,,,,,,,,,
Table 12,Q4a. Types of news/information seen on social media and search engines in last week: WhatsApp group(s),ONLINE Fieldwork: 1st to 3rd May 2020,Opinions from a person you know,80,37,43,19,19,23,20,10,4,5,26,21,19,14,,,,,,,,,,,,,,,,,,,,,,,,,,,,,,,,,,,,,,,,,,,,,,,,,,,,,,,,,,,,,,
Table 12,Q4a. Types of news/information seen on social media and search engines in last week: WhatsApp group(s),ONLINE Fieldwork: 1st to 3rd May 2020,Facts forwarded/ posted/ shared from a person you know,62,32,30,10,10,15,17,9,6,5,18,18,17,9,,,,,,,,,,,,,,,,,,,,,,,,,,,,,,,,,,,,,,,,,,,,,,,,,,,,,,,,,,,,,,
Table 12,Q4a. Types of news/information seen on social media and search engines in last week: WhatsApp group(s),ONLINE Fieldwork: 1st to 3rd May 2020,Facts forwarded/ posted/ shared from a person you don't know,22,12,11,6,6,6,6,4,-,1,13,5,1,3,,,,,,,,,,,,,,,,,,,,,,,,,,,,,,,,,,,,,,,,,,,,,,,,,,,,,,,,,,,,,,
Table 12,Q4a. Types of news/information seen on social media and search engines in last week: WhatsApp group(s),ONLINE Fieldwork: 1st to 3rd May 2020,"Directly from official sources such as NHS, Government etc",21,15,6,-,-,8,6,2,3,2,10,6,5,1,,,,,,,,,,,,,,,,,,,,,,,,,,,,,,,,,,,,,,,,,,,,,,,,,,,,,,,,,,,,,,
Table 12,Q4a. Types of news/information seen on social media and search engines in last week: WhatsApp group(s),ONLINE Fieldwork: 1st to 3rd May 2020,"Directly from traditional TV or press news sources such as the BBC, Telegraph, The Daily Mail, etc",19,13,5,1,1,9,6,1,1,1,7,4,6,2,,,,,,,,,,,,,,,,,,,,,,,,,,,,,,,,,,,,,,,,,,,,,,,,,,,,,,,,,,,,,,
Table 12,Q4a. Types of news/information seen on social media and search engines in last week: WhatsApp group(s),ONLINE Fieldwork: 1st to 3rd May 2020,Opinions from a person you don't know,17,10,7,5,5,4,4,3,-,1,8,2,2,6,,,,,,,,,,,,,,,,,,,,,,,,,,,,,,,,,,,,,,,,,,,,,,,,,,,,,,,,,,,,,,
Table 12,Q4a. Types of news/information seen on social media and search engines in last week: WhatsApp group(s),ONLINE Fieldwork: 1st to 3rd May 2020,"Directly from online news providers like Buzzfeed, Huffington Post, Vice, etc.",9,6,3,-,-,3,5,-,2,-,5,-,2,2,,,,,,,,,,,,,,,,,,,,,,,,,,,,,,,,,,,,,,,,,,,,,,,,,,,,,,,,,,,,,,
Table 12,Q4a. Types of news/information seen on social media and search engines in last week: WhatsApp group(s),ONLINE Fieldwork: 1st to 3rd May 2020,"Directly from 'Nonmainstream' news sources such as Russia Today, Breitbart, Swawkbox etc",3,2,1,-,-,3,-,-,-,-,3,-,-,-,,,,,,,,,,,,,,,,,,,,,,,,,,,,,,,,,,,,,,,,,,,,,,,,,,,,,,,,,,,,,,
Table 12,Q4a. Types of news/information seen on social media and search engines in last week: WhatsApp group(s),ONLINE Fieldwork: 1st to 3rd May 2020,I don't notice where the information is coming from,2,1,1,-,-,1,-,-,-,1,1,1,-,-,,,,,,,,,,,,,,,,,,,,,,,,,,,,,,,,,,,,,,,,,,,,,,,,,,,,,,,,,,,,,,
Table 13,Q4a. Types of news/information seen on social media and search engines in last week: WhatsApp group(s),ONLINE Fieldwork: 6th to 8th November 2020,Unweighted base,97,48,49,23,22,33,18,10,7,6,37,27,15,18,4,2,9,6,9,8,4,7,27,14,1,6,83,,,,,,,,,,,,,,,,,,,,,,,,,,,,,,,,,,,,,,,,,,,,,,,,,
Table 13,Q4a. Types of news/information seen on social media and search engines in last week: WhatsApp group(s),ONLINE Fieldwork: 6th to 8th November 2020,Weighted base,102*,48*,54*,29**,27**,36**,15**,10**,6**,6**,30*,34**,18**,20**,3**,3**,12**,8**,10**,6**,4**,8**,25**,17**,1**,5**,90*,,,,,,,,,,,,,,,,,,,,,,,,,,,,,,,,,,,,,,,,,,,,,,,,,
Table 13,Q4a. Types of news/information seen on social media and search engines in last week: WhatsApp group(s),ONLINE Fieldwork: 6th to 8th November 2020,Opinions from a person you know,72,31,41,22,20,23,12,7,5,3,21,28,9,14,1,3,5,6,6,4,4,7,18,16,1,3,65,,,,,,,,,,,,,,,,,,,,,,,,,,,,,,,,,,,,,,,,,,,,,,,,,
Table 13,Q4a. Types of news/information seen on social media and search engines in last week: WhatsApp group(s),ONLINE Fieldwork: 6th to 8th November 2020,Facts forwarded/ posted/ shared from a person you know,54,24,29,11,10,17,11,8,5,3,20,20,7,7,2,-,6,4,6,4,2,4,13,9,-,3,45,,,,,,,,,,,,,,,,,,,,,,,,,,,,,,,,,,,,,,,,,,,,,,,,,
Table 13,Q4a. Types of news/information seen on social media and search engines in last week: WhatsApp group(s),ONLINE Fieldwork: 6th to 8th November 2020,Facts forwarded/ posted/ shared from a person you don't know,18,10,8,4,4,8,3,2,1,1,6,7,6,-,-,1,3,-,3,1,-,1,7,-,-,-,18,,,,,,,,,,,,,,,,,,,,,,,,,,,,,,,,,,,,,,,,,,,,,,,,,
Table 13,Q4a. Types of news/information seen on social media and search engines in last week: WhatsApp group(s),ONLINE Fieldwork: 6th to 8th November 2020,"Directly from traditional TV or press news sources such as the BBC, Telegraph, The Daily Mail, etc",15,11,4,2,2,8,2,1,2,-,5,3,4,3,*,-,1,2,3,2,-,2,4,1,-,-,15,,,,,,,,,,,,,,,,,,,,,,,,,,,,,,,,,,,,,,,,,,,,,,,,,
Table 13,Q4a. Types of news/information seen on social media and search engines in last week: WhatsApp group(s),ONLINE Fieldwork: 6th to 8th November 2020,"Directly from official sources such as NHS, Government etc",15,9,6,1,1,7,2,1,2,1,7,5,3,-,*,1,1,-,2,-,-,2,4,3,-,-,14,,,,,,,,,,,,,,,,,,,,,,,,,,,,,,,,,,,,,,,,,,,,,,,,,
Table 13,Q4a. Types of news/information seen on social media and search engines in last week: WhatsApp group(s),ONLINE Fieldwork: 6th to 8th November 2020,"Directly from online news providers like Buzzfeed, Huffington Post, Vice, etc.",12,5,7,4,4,6,1,1,-,-,3,3,-,6,*,-,-,3,1,-,-,2,5,-,-,-,11,,,,,,,,,,,,,,,,,,,,,,,,,,,,,,,,,,,,,,,,,,,,,,,,,
Table 13,Q4a. Types of news/information seen on social media and search engines in last week: WhatsApp group(s),ONLINE Fieldwork: 6th to 8th November 2020,Opinions from a person you don't know,11,5,5,1,1,3,3,3,-,1,5,4,1,-,-,1,1,-,-,*,-,1,6,1,-,-,11,,,,,,,,,,,,,,,,,,,,,,,,,,,,,,,,,,,,,,,,,,,,,,,,,
Table 13,Q4a. Types of news/information seen on social media and search engines in last week: WhatsApp group(s),ONLINE Fieldwork: 6th to 8th November 2020,"Directly from 'Nonmainstream' news sources such as Russia Today, Breitbart, Swawkbox etc",7,5,2,2,2,2,1,-,1,1,2,1,2,2,1,1,-,-,1,-,-,2,2,-,-,-,6,,,,,,,,,,,,,,,,,,,,,,,,,,,,,,,,,,,,,,,,,,,,,,,,,
Table 13,Q4a. Types of news/information seen on social media and search engines in last week: WhatsApp group(s),ONLINE Fieldwork: 6th to 8th November 2020,Weighted base,102*,48*,54*,29**,27**,36**,15**,10**,6**,6**,30*,34**,18**,20**,3**,3**,12**,8**,10**,6**,4**,8**,25**,17**,1**,5**,90*,,,,,,,,,,,,,,,,,,,,,,,,,,,,,,,,,,,,,,,,,,,,,,,,,
Table 13,Q4a. Types of news/information seen on social media and search engines in last week: WhatsApp group(s),ONLINE Fieldwork: 6th to 8th November 2020,I don't notice where the information is coming from,5,2,3,1,1,3,1,-,-,-,-,-,1,4,-,-,3,-,-,-,-,1,1,-,-,-,5,,,,,,,,,,,,,,,,,,,,,,,,,,,,,,,,,,,,,,,,,,,,,,,,,
Table 12,Q4a. Types of news/information seen on social media and search engines in last week: WhatsApp group(s),ONLINE Fieldwork: 12th to 15th June 2020,Unweighted base,101,52,49,18,18,27,21,9,12,14,27,44,20,10,,,,,,,,,,,,,,,,,,,,,,,,,,,,,,,,,,,,,,,,,,,,,,,,,,,,,,,,,,,,,,
Table 12,Q4a. Types of news/information seen on social media and search engines in last week: WhatsApp group(s),ONLINE Fieldwork: 12th to 15th June 2020,Weighted base,115*,58*,57*,21**,21**,33**,25**,11**,11**,14**,30**,51*,25**,10**,,,,,,,,,,,,,,,,,,,,,,,,,,,,,,,,,,,,,,,,,,,,,,,,,,,,,,,,,,,,,,
Table 12,Q4a. Types of news/information seen on social media and search engines in last week: WhatsApp group(s),ONLINE Fieldwork: 12th to 15th June 2020,Opinions from a person you know,75,39,35,16,16,23,17,9,4,4,23,31,17,4,,,,,,,,,,,,,,,,,,,,,,,,,,,,,,,,,,,,,,,,,,,,,,,,,,,,,,,,,,,,,,
Table 12,Q4a. Types of news/information seen on social media and search engines in last week: WhatsApp group(s),ONLINE Fieldwork: 12th to 15th June 2020,Facts forwarded/ posted/ shared from a person you know,62,30,32,9,9,21,9,8,8,7,18,28,11,5,,,,,,,,,,,,,,,,,,,,,,,,,,,,,,,,,,,,,,,,,,,,,,,,,,,,,,,,,,,,,,
Table 12,Q4a. Types of news/information seen on social media and search engines in last week: WhatsApp group(s),ONLINE Fieldwork: 12th to 15th June 2020,"Directly from traditional TV or press news sources such as the BBC, Telegraph, The Daily Mail, etc",24,9,15,5,5,8,6,-,1,4,7,10,7,1,,,,,,,,,,,,,,,,,,,,,,,,,,,,,,,,,,,,,,,,,,,,,,,,,,,,,,,,,,,,,,
Table 12,Q4a. Types of news/information seen on social media and search engines in last week: WhatsApp group(s),ONLINE Fieldwork: 12th to 15th June 2020,"Directly from official sources such as NHS, Government etc",24,10,14,5,5,9,5,2,1,2,5,8,9,2,,,,,,,,,,,,,,,,,,,,,,,,,,,,,,,,,,,,,,,,,,,,,,,,,,,,,,,,,,,,,,
Table 12,Q4a. Types of news/information seen on social media and search engines in last week: WhatsApp group(s),ONLINE Fieldwork: 12th to 15th June 2020,Opinions from a person you don't know,16,12,4,3,3,3,5,1,3,2,4,9,3,1,,,,,,,,,,,,,,,,,,,,,,,,,,,,,,,,,,,,,,,,,,,,,,,,,,,,,,,,,,,,,,
Table 12,Q4a. Types of news/information seen on social media and search engines in last week: WhatsApp group(s),ONLINE Fieldwork: 12th to 15th June 2020,Facts forwarded/ posted/ shared from a person you don't know,16,11,5,4,4,2,1,5,3,2,4,5,7,-,,,,,,,,,,,,,,,,,,,,,,,,,,,,,,,,,,,,,,,,,,,,,,,,,,,,,,,,,,,,,,
Table 12,Q4a. Types of news/information seen on social media and search engines in last week: WhatsApp group(s),ONLINE Fieldwork: 12th to 15th June 2020,"Directly from 'Nonmainstream' news sources such as Russia Today, Breitbart, Swawkbox etc",16,8,7,2,2,5,8,-,-,-,5,5,6,-,,,,,,,,,,,,,,,,,,,,,,,,,,,,,,,,,,,,,,,,,,,,,,,,,,,,,,,,,,,,,,
Table 12,Q4a. Types of news/information seen on social media and search engines in last week: WhatsApp group(s),ONLINE Fieldwork: 12th to 15th June 2020,"Directly from online news providers like Buzzfeed, Huffington Post, Vice, etc.",9,3,6,3,3,3,3,-,-,-,4,3,3,-,,,,,,,,,,,,,,,,,,,,,,,,,,,,,,,,,,,,,,,,,,,,,,,,,,,,,,,,,,,,,,
Table 12,Q4a. Types of news/information seen on social media and search engines in last week: WhatsApp group(s),ONLINE Fieldwork: 12th to 15th June 2020,I don't notice where the information is coming from,5,4,1,2,2,2,-,-,1,1,-,2,2,1,,,,,,,,,,,,,,,,,,,,,,,,,,,,,,,,,,,,,,,,,,,,,,,,,,,,,,,,,,,,,,
Table 13,Q4a. Types of news/information seen on social media and search engines in last week: WhatsApp group(s),ONLINE Fieldwork: 4th to 6th June 2021,Unweighted base,58,39,19,19,18,10,12,6,5,6,31,18,5,4,4,2,5,-,6,2,-,5,26,6,2,-,54,,,,,,,,,,,,,,,,,,,,,,,,,,,,,,,,,,,,,,,,,,,,,,,,,
Table 13,Q4a. Types of news/information seen on social media and search engines in last week: WhatsApp group(s),ONLINE Fieldwork: 4th to 6th June 2021,Weighted base,64*,47*,17**,24**,23**,10**,12**,7**,5**,6**,32**,20**,6**,5**,4**,2**,6**,-**,8**,2**,-**,6**,25**,9**,2**,-**,60*,,,,,,,,,,,,,,,,,,,,,,,,,,,,,,,,,,,,,,,,,,,,,,,,,
Table 13,Q4a. Types of news/information seen on social media and search engines in last week: WhatsApp group(s),ONLINE Fieldwork: 4th to 6th June 2021,Opinions from a person you know,47,35,12,17,15,7,10,4,4,6,19,16,6,5,3,1,6,-,6,2,-,6,14,8,2,-,45,,,,,,,,,,,,,,,,,,,,,,,,,,,,,,,,,,,,,,,,,,,,,,,,,
Table 13,Q4a. Types of news/information seen on social media and search engines in last week: WhatsApp group(s),ONLINE Fieldwork: 4th to 6th June 2021,Facts forwarded/ posted/ shared from a person you know,28,18,10,9,9,2,6,5,3,3,12,11,4,1,2,-,2,-,4,-,-,4,10,5,1,-,26,,,,,,,,,,,,,,,,,,,,,,,,,,,,,,,,,,,,,,,,,,,,,,,,,
Table 13,Q4a. Types of news/information seen on social media and search engines in last week: WhatsApp group(s),ONLINE Fieldwork: 4th to 6th June 2021,"Directly from traditional TV or press news sources such as the BBC, Telegraph, The Daily Mail, etc",15,11,4,6,6,2,3,1,1,2,9,6,-,-,-,2,2,-,1,-,-,1,8,1,-,-,15,,,,,,,,,,,,,,,,,,,,,,,,,,,,,,,,,,,,,,,,,,,,,,,,,
Table 13,Q4a. Types of news/information seen on social media and search engines in last week: WhatsApp group(s),ONLINE Fieldwork: 4th to 6th June 2021,"Directly from official sources such as NHS, Government etc",12,9,3,5,5,2,2,2,1,-,6,3,1,2,-,1,1,-,2,1,-,1,5,1,-,-,12,,,,,,,,,,,,,,,,,,,,,,,,,,,,,,,,,,,,,,,,,,,,,,,,,
Table 13,Q4a. Types of news/information seen on social media and search engines in last week: WhatsApp group(s),ONLINE Fieldwork: 4th to 6th June 2021,Opinions from a person you don't know,11,9,2,8,8,3,1,-,-,-,8,3,-,-,2,-,-,-,3,-,-,1,5,-,-,-,9,,,,,,,,,,,,,,,,,,,,,,,,,,,,,,,,,,,,,,,,,,,,,,,,,
Table 13,Q4a. Types of news/information seen on social media and search engines in last week: WhatsApp group(s),ONLINE Fieldwork: 4th to 6th June 2021,Facts forwarded/ posted/ shared from a person you don't know,9,7,2,6,6,1,2,-,-,-,7,2,-,1,-,-,-,-,3,-,-,1,5,-,-,-,9,,,,,,,,,,,,,,,,,,,,,,,,,,,,,,,,,,,,,,,,,,,,,,,,,
Table 13,Q4a. Types of news/information seen on social media and search engines in last week: WhatsApp group(s),ONLINE Fieldwork: 4th to 6th June 2021,"Directly from 'Nonmainstream' news sources such as Russia Today, Breitbart, Swawkbox, Infowars, Rebel Media etc",8,7,1,4,4,3,1,-,-,-,5,1,-,2,-,1,-,-,1,-,-,1,5,-,-,-,8,,,,,,,,,,,,,,,,,,,,,,,,,,,,,,,,,,,,,,,,,,,,,,,,,
Table 13,Q4a. Types of news/information seen on social media and search engines in last week: WhatsApp group(s),ONLINE Fieldwork: 4th to 6th June 2021,"Directly from online news providers like Buzzfeed, Huffington Post, Vice, etc.",6,5,1,3,3,1,2,-,-,-,3,1,-,2,-,-,1,-,-,-,-,1,4,-,-,-,6,,,,,,,,,,,,,,,,,,,,,,,,,,,,,,,,,,,,,,,,,,,,,,,,,
Table 13,Q4a. Types of news/information seen on social media and search engines in last week: WhatsApp group(s),ONLINE Fieldwork: 4th to 6th June 2021,Weighted base,64*,47*,17**,24**,23**,10**,12**,7**,5**,6**,32**,20**,6**,5**,4**,2**,6**,-**,8**,2**,-**,6**,25**,9**,2**,-**,60*,,,,,,,,,,,,,,,,,,,,,,,,,,,,,,,,,,,,,,,,,,,,,,,,,
Table 13,Q4a. Types of news/information seen on social media and search engines in last week: WhatsApp group(s),ONLINE Fieldwork: 4th to 6th June 2021,I don't notice where the information is coming from,2,2,-,1,1,-,1,-,-,-,2,-,-,-,-,-,-,-,-,-,-,-,1,1,-,-,2,,,,,,,,,,,,,,,,,,,,,,,,,,,,,,,,,,,,,,,,,,,,,,,,,
Table 12,Q4a. Types of news/information seen on social media and search engines in last week: WhatsApp group(s),ONLINE Fieldwork: 27th to 29th March 2020,Unweighted base,209,85,124,,,,,,,,87,69,24,29,,,,,,,,,,,,,,,,,,,,,,,,,,,,,,,,,,,,,,,,,,,,,,,,,,,,,,30,58,41,27,21,32,,,
Table 12,Q4a. Types of news/information seen on social media and search engines in last week: WhatsApp group(s),ONLINE Fieldwork: 27th to 29th March 2020,Weighted base,201,81*,120,,,,,,,,65*,71*,35**,30**,,,,,,,,,,,,,,,,,,,,,,,,,,,,,,,,,,,,,,,,,,,,,,,,,,,,,,34**,55*,41*,25**,18**,29**,,,
Table 12,Q4a. Types of news/information seen on social media and search engines in last week: WhatsApp group(s),ONLINE Fieldwork: 27th to 29th March 2020,Facts forwarded/ posted/ shared from a person you know,139,45,94,,,,,,,,48,49,25,17,,,,,,,,,,,,,,,,,,,,,,,,,,,,,,,,,,,,,,,,,,,,,,,,,,,,,,25,36,25,19,11,23,,,
Table 12,Q4a. Types of news/information seen on social media and search engines in last week: WhatsApp group(s),ONLINE Fieldwork: 27th to 29th March 2020,Opinions from a person you know,129,49,81,,,,,,,,37,54,22,17,,,,,,,,,,,,,,,,,,,,,,,,,,,,,,,,,,,,,,,,,,,,,,,,,,,,,,29,34,29,17,9,11,,,
Table 12,Q4a. Types of news/information seen on social media and search engines in last week: WhatsApp group(s),ONLINE Fieldwork: 27th to 29th March 2020,"Directly from official sources such as NHS, Government etc",43,17,26,,,,,,,,11,19,8,5,,,,,,,,,,,,,,,,,,,,,,,,,,,,,,,,,,,,,,,,,,,,,,,,,,,,,,8,15,9,2,5,4,,,
Table 12,Q4a. Types of news/information seen on social media and search engines in last week: WhatsApp group(s),ONLINE Fieldwork: 27th to 29th March 2020,"Directly from traditional TV or press news sources such as the BBC, Telegraph, The Daily Mail, etc",43,20,23,,,,,,,,10,19,6,8,,,,,,,,,,,,,,,,,,,,,,,,,,,,,,,,,,,,,,,,,,,,,,,,,,,,,,10,15,8,4,3,4,,,
Table 12,Q4a. Types of news/information seen on social media and search engines in last week: WhatsApp group(s),ONLINE Fieldwork: 27th to 29th March 2020,Facts forwarded/ posted/ shared from a person you don't know,39,17,22,,,,,,,,18,15,5,1,,,,,,,,,,,,,,,,,,,,,,,,,,,,,,,,,,,,,,,,,,,,,,,,,,,,,,5,11,12,1,5,5,,,
Table 12,Q4a. Types of news/information seen on social media and search engines in last week: WhatsApp group(s),ONLINE Fieldwork: 27th to 29th March 2020,Opinions from a person you don't know,35,17,18,,,,,,,,11,12,7,4,,,,,,,,,,,,,,,,,,,,,,,,,,,,,,,,,,,,,,,,,,,,,,,,,,,,,,5,10,11,3,3,3,,,
Table 12,Q4a. Types of news/information seen on social media and search engines in last week: WhatsApp group(s),ONLINE Fieldwork: 27th to 29th March 2020,"Directly from 'Nonmainstream' news sources such as Russia Today, Breitbart, Swawkbox etc",13,6,7,,,,,,,,5,7,-,1,,,,,,,,,,,,,,,,,,,,,,,,,,,,,,,,,,,,,,,,,,,,,,,,,,,,,,5,4,1,1,-,1,,,
Table 12,Q4a. Types of news/information seen on social media and search engines in last week: WhatsApp group(s),ONLINE Fieldwork: 27th to 29th March 2020,I don't notice where the information is coming from,5,3,2,,,,,,,,1,1,-,2,,,,,,,,,,,,,,,,,,,,,,,,,,,,,,,,,,,,,,,,,,,,,,,,,,,,,,-,2,2,-,-,1,,,
Table 13,Q4a. Types of news/information seen on social media and search engines in last week: WhatsApp group(s),ONLINE Fieldwork: 4th to 6th December 2020,Unweighted base,74,51,23,15,15,19,18,12,6,4,31,26,9,8,8,-,8,6,12,6,-,2,23,7,1,1,65,,,,,,,,,,,,,,,,,,,,,,,,,,,,,,,,,,,,,,,,,,,,,,,5,28,29
Table 13,Q4a. Types of news/information seen on social media and search engines in last week: WhatsApp group(s),ONLINE Fieldwork: 4th to 6th December 2020,Weighted base,73*,48*,25**,12**,12**,19**,20**,12**,5**,5**,33**,20**,11**,9**,7**,-**,10**,6**,12**,5**,-**,2**,21**,9**,1**,1**,66*,,,,,,,,,,,,,,,,,,,,,,,,,,,,,,,,,,,,,,,,,,,,,,,6**,27**,31**
Table 13,Q4a. Types of news/information seen on social media and search engines in last week: WhatsApp group(s),ONLINE Fieldwork: 4th to 6th December 2020,Opinions from a person you know,47,35,13,7,7,11,13,7,4,5,22,9,9,7,5,-,8,3,9,2,-,2,11,7,-,1,42,,,,,,,,,,,,,,,,,,,,,,,,,,,,,,,,,,,,,,,,,,,,,,,2,18,21
Table 13,Q4a. Types of news/information seen on social media and search engines in last week: WhatsApp group(s),ONLINE Fieldwork: 4th to 6th December 2020,Facts forwarded/ posted/ shared from a person you know,38,26,12,7,7,13,6,5,3,4,19,11,6,3,3,-,5,2,4,4,-,2,11,5,1,-,35,,,,,,,,,,,,,,,,,,,,,,,,,,,,,,,,,,,,,,,,,,,,,,,2,20,12
Table 13,Q4a. Types of news/information seen on social media and search engines in last week: WhatsApp group(s),ONLINE Fieldwork: 4th to 6th December 2020,Opinions from a person you don't know,18,9,8,3,3,6,8,-,1,-,6,5,*,6,2,-,2,3,4,2,-,1,4,-,-,-,16,,,,,,,,,,,,,,,,,,,,,,,,,,,,,,,,,,,,,,,,,,,,,,,4,6,6
Table 13,Q4a. Types of news/information seen on social media and search engines in last week: WhatsApp group(s),ONLINE Fieldwork: 4th to 6th December 2020,"Directly from official sources such as NHS, Government etc",14,9,5,2,2,5,2,4,1,-,9,4,1,-,2,-,-,2,1,-,-,-,8,-,-,1,11,,,,,,,,,,,,,,,,,,,,,,,,,,,,,,,,,,,,,,,,,,,,,,,2,8,1
Table 13,Q4a. Types of news/information seen on social media and search engines in last week: WhatsApp group(s),ONLINE Fieldwork: 4th to 6th December 2020,"Directly from traditional TV or press news sources such as the BBC, Telegraph, The Daily Mail, etc",14,11,3,2,2,2,3,6,2,-,10,2,2,-,1,-,-,2,2,1,-,-,9,-,-,-,13,,,,,,,,,,,,,,,,,,,,,,,,,,,,,,,,,,,,,,,,,,,,,,,2,6,3
Table 13,Q4a. Types of news/information seen on social media and search engines in last week: WhatsApp group(s),ONLINE Fieldwork: 4th to 6th December 2020,Facts forwarded/ posted/ shared from a person you don't know,10,7,3,2,2,4,3,-,1,-,2,4,*,3,1,-,1,1,4,-,-,1,3,-,-,-,9,,,,,,,,,,,,,,,,,,,,,,,,,,,,,,,,,,,,,,,,,,,,,,,1,4,4
Table 13,Q4a. Types of news/information seen on social media and search engines in last week: WhatsApp group(s),ONLINE Fieldwork: 4th to 6th December 2020,"Directly from online news providers like Buzzfeed, Huffington Post, Vice, etc.",10,6,3,2,2,3,2,3,-,-,7,2,1,-,1,-,-,1,-,-,-,-,8,-,-,-,9,,,,,,,,,,,,,,,,,,,,,,,,,,,,,,,,,,,,,,,,,,,,,,,2,6,-
Table 13,Q4a. Types of news/information seen on social media and search engines in last week: WhatsApp group(s),ONLINE Fieldwork: 4th to 6th December 2020,"Directly from 'Nonmainstream' news sources such as Russia Today, Breitbart, Swawkbox etc",7,5,1,3,3,1,3,-,-,-,3,2,2,1,-,-,-,1,1,2,-,-,3,1,-,-,7,,,,,,,,,,,,,,,,,,,,,,,,,,,,,,,,,,,,,,,,,,,,,,,3,2,2
Table 13,Q4a. Types of news/information seen on social media and search engines in last week: WhatsApp group(s),ONLINE Fieldwork: 4th to 6th December 2020,Weighted base,73*,48*,25**,12**,12**,19**,20**,12**,5**,5**,33**,20**,11**,9**,7**,-**,10**,6**,12**,5**,-**,2**,21**,9**,1**,1**,66*,,,,,,,,,,,,,,,,,,,,,,,,,,,,,,,,,,,,,,,,,,,,,,,6**,27**,31**
Table 13,Q4a. Types of news/information seen on social media and search engines in last week: WhatsApp group(s),ONLINE Fieldwork: 4th to 6th December 2020,I don't notice where the information is coming from,2,1,1,1,1,1,-,-,-,-,1,1,-,-,-,-,-,-,2,1,-,-,-,-,-,-,2,,,,,,,,,,,,,,,,,,,,,,,,,,,,,,,,,,,,,,,,,,,,,,,-,-,2
Table 12,Q4a. Types of news/information seen on social media and search engines in last week: WhatsApp group(s),ONLINE Fieldwork: 19th to 21st June 2020,Unweighted base,72,40,32,13,12,20,12,11,5,11,27,26,10,9,,,,,,,,,,,,,,,,,,,,,,,,,,,,,,,,,,,,,,,,,,,,,,,,,,,,,,,,,,,,,,
Table 12,Q4a. Types of news/information seen on social media and search engines in last week: WhatsApp group(s),ONLINE Fieldwork: 19th to 21st June 2020,Weighted base,72*,38*,34**,13**,12**,20**,10**,14**,4**,10**,26**,27**,11**,9**,,,,,,,,,,,,,,,,,,,,,,,,,,,,,,,,,,,,,,,,,,,,,,,,,,,,,,,,,,,,,,
Table 12,Q4a. Types of news/information seen on social media and search engines in last week: WhatsApp group(s),ONLINE Fieldwork: 19th to 21st June 2020,Facts forwarded/ posted/ shared from a person you know,49,27,22,5,4,12,8,13,3,8,15,18,10,7,,,,,,,,,,,,,,,,,,,,,,,,,,,,,,,,,,,,,,,,,,,,,,,,,,,,,,,,,,,,,,
Table 12,Q4a. Types of news/information seen on social media and search engines in last week: WhatsApp group(s),ONLINE Fieldwork: 19th to 21st June 2020,Opinions from a person you know,46,24,22,9,8,13,8,7,3,6,17,15,7,7,,,,,,,,,,,,,,,,,,,,,,,,,,,,,,,,,,,,,,,,,,,,,,,,,,,,,,,,,,,,,,
Table 12,Q4a. Types of news/information seen on social media and search engines in last week: WhatsApp group(s),ONLINE Fieldwork: 19th to 21st June 2020,"Directly from official sources such as NHS, Government etc",17,13,4,*,*,7,2,5,-,2,2,10,2,3,,,,,,,,,,,,,,,,,,,,,,,,,,,,,,,,,,,,,,,,,,,,,,,,,,,,,,,,,,,,,,
Table 12,Q4a. Types of news/information seen on social media and search engines in last week: WhatsApp group(s),ONLINE Fieldwork: 19th to 21st June 2020,Opinions from a person you don't know,12,4,8,3,3,3,3,2,1,1,5,2,3,2,,,,,,,,,,,,,,,,,,,,,,,,,,,,,,,,,,,,,,,,,,,,,,,,,,,,,,,,,,,,,,
Table 12,Q4a. Types of news/information seen on social media and search engines in last week: WhatsApp group(s),ONLINE Fieldwork: 19th to 21st June 2020,"Directly from traditional TV or press news sources such as the BBC, Telegraph, The Daily Mail, etc",9,4,5,*,*,4,1,3,-,1,2,5,*,1,,,,,,,,,,,,,,,,,,,,,,,,,,,,,,,,,,,,,,,,,,,,,,,,,,,,,,,,,,,,,,
Table 12,Q4a. Types of news/information seen on social media and search engines in last week: WhatsApp group(s),ONLINE Fieldwork: 19th to 21st June 2020,"Directly from 'Nonmainstream' news sources such as Russia Today, Breitbart, Swawkbox etc",9,7,1,-,-,3,1,4,-,-,1,5,1,1,,,,,,,,,,,,,,,,,,,,,,,,,,,,,,,,,,,,,,,,,,,,,,,,,,,,,,,,,,,,,,
Table 12,Q4a. Types of news/information seen on social media and search engines in last week: WhatsApp group(s),ONLINE Fieldwork: 19th to 21st June 2020,Facts forwarded/ posted/ shared from a person you don't know,7,3,4,3,3,1,1,1,1,1,3,2,1,1,,,,,,,,,,,,,,,,,,,,,,,,,,,,,,,,,,,,,,,,,,,,,,,,,,,,,,,,,,,,,,
Table 12,Q4a. Types of news/information seen on social media and search engines in last week: WhatsApp group(s),ONLINE Fieldwork: 19th to 21st June 2020,"Directly from online news providers like Buzzfeed, Huffington Post, Vice, etc.",5,4,1,-,-,1,-,4,-,-,1,3,-,1,,,,,,,,,,,,,,,,,,,,,,,,,,,,,,,,,,,,,,,,,,,,,,,,,,,,,,,,,,,,,,
Table 12,Q4a. Types of news/information seen on social media and search engines in last week: WhatsApp group(s),ONLINE Fieldwork: 19th to 21st June 2020,I don't notice where the information is coming from,2,-,2,2,2,-,-,-,-,-,1,1,-,-,,,,,,,,,,,,,,,,,,,,,,,,,,,,,,,,,,,,,,,,,,,,,,,,,,,,,,,,,,,,,,
Table 13,Q4a. Types of news/information seen on social media and search engines in last week: WhatsApp group(s),ONLINE Fieldwork: 15th to 17th January 2021,Unweighted base,94,62,32,25,25,26,15,7,8,13,46,28,17,3,4,1,6,7,5,6,4,3,39,13,4,2,84,,,,,,,,,,,,,,,,,,,,,,,,,,,,,,,,,,,,,,,,,,,,,,,,,
Table 13,Q4a. Types of news/information seen on social media and search engines in last week: WhatsApp group(s),ONLINE Fieldwork: 15th to 17th January 2021,Weighted base,108*,76*,32**,30**,30**,30**,17**,8**,8**,14**,49*,30**,26**,3**,5**,***,9**,7**,7**,7**,6**,3**,43*,13**,6**,2**,95*,,,,,,,,,,,,,,,,,,,,,,,,,,,,,,,,,,,,,,,,,,,,,,,,,
Table 13,Q4a. Types of news/information seen on social media and search engines in last week: WhatsApp group(s),ONLINE Fieldwork: 15th to 17th January 2021,Opinions from a person you know,68,48,20,19,19,19,12,5,3,10,32,20,13,2,3,*,7,5,5,5,3,2,24,10,1,1,61,,,,,,,,,,,,,,,,,,,,,,,,,,,,,,,,,,,,,,,,,,,,,,,,,
Table 13,Q4a. Types of news/information seen on social media and search engines in last week: WhatsApp group(s),ONLINE Fieldwork: 15th to 17th January 2021,Facts forwarded/ posted/ shared from a person you know,64,45,18,16,16,19,11,2,6,10,31,15,17,2,3,-,7,4,4,5,1,3,24,9,2,1,59,,,,,,,,,,,,,,,,,,,,,,,,,,,,,,,,,,,,,,,,,,,,,,,,,
Table 13,Q4a. Types of news/information seen on social media and search engines in last week: WhatsApp group(s),ONLINE Fieldwork: 15th to 17th January 2021,"Directly from official sources such as NHS, Government etc",33,24,9,11,11,11,7,2,1,1,20,5,7,-,1,-,1,-,1,1,3,-,19,3,2,1,28,,,,,,,,,,,,,,,,,,,,,,,,,,,,,,,,,,,,,,,,,,,,,,,,,
Table 13,Q4a. Types of news/information seen on social media and search engines in last week: WhatsApp group(s),ONLINE Fieldwork: 15th to 17th January 2021,"Directly from traditional TV or press news sources such as the BBC, Telegraph, The Daily Mail, etc",31,26,5,10,10,13,6,1,2,-,14,11,7,-,1,-,2,2,1,3,-,*,18,3,-,1,29,,,,,,,,,,,,,,,,,,,,,,,,,,,,,,,,,,,,,,,,,,,,,,,,,
Table 13,Q4a. Types of news/information seen on social media and search engines in last week: WhatsApp group(s),ONLINE Fieldwork: 15th to 17th January 2021,Opinions from a person you don't know,25,22,3,9,9,8,7,1,-,-,16,6,2,-,1,-,1,1,1,1,1,-,16,2,-,-,23,,,,,,,,,,,,,,,,,,,,,,,,,,,,,,,,,,,,,,,,,,,,,,,,,
Table 13,Q4a. Types of news/information seen on social media and search engines in last week: WhatsApp group(s),ONLINE Fieldwork: 15th to 17th January 2021,Facts forwarded/ posted/ shared from a person you don't know,24,21,3,8,8,6,5,2,2,1,11,9,3,1,-,-,1,4,-,1,1,1,14,2,-,-,23,,,,,,,,,,,,,,,,,,,,,,,,,,,,,,,,,,,,,,,,,,,,,,,,,
Table 13,Q4a. Types of news/information seen on social media and search engines in last week: WhatsApp group(s),ONLINE Fieldwork: 15th to 17th January 2021,"Directly from online news providers like Buzzfeed, Huffington Post, Vice, etc.",15,12,2,4,4,4,7,-,-,-,8,5,2,-,-,-,1,-,-,1,-,-,11,1,-,-,15,,,,,,,,,,,,,,,,,,,,,,,,,,,,,,,,,,,,,,,,,,,,,,,,,
Table 13,Q4a. Types of news/information seen on social media and search engines in last week: WhatsApp group(s),ONLINE Fieldwork: 15th to 17th January 2021,"Directly from 'Nonmainstream' news sources such as Russia Today, Breitbart, Swawkbox etc",9,9,-,1,1,4,4,-,-,-,5,4,-,-,-,-,-,-,-,-,-,-,7,1,-,1,8,,,,,,,,,,,,,,,,,,,,,,,,,,,,,,,,,,,,,,,,,,,,,,,,,
Table 13,Q4a. Types of news/information seen on social media and search engines in last week: WhatsApp group(s),ONLINE Fieldwork: 15th to 17th January 2021,Weighted base,108*,76*,32**,30**,30**,30**,17**,8**,8**,14**,49*,30**,26**,3**,5**,***,9**,7**,7**,7**,6**,3**,43*,13**,6**,2**,95*,,,,,,,,,,,,,,,,,,,,,,,,,,,,,,,,,,,,,,,,,,,,,,,,,
Table 13,Q4a. Types of news/information seen on social media and search engines in last week: WhatsApp group(s),ONLINE Fieldwork: 15th to 17th January 2021,I don't notice where the information is coming from,4,4,-,2,2,-,2,-,-,-,3,-,1,-,2,-,-,-,-,-,-,-,2,-,-,-,2,,,,,,,,,,,,,,,,,,,,,,,,,,,,,,,,,,,,,,,,,,,,,,,,,
Table 13,Q4a. Types of news/information seen on social media and search engines in last week: WhatsApp group(s),ONLINE Fieldwork: 12th to 14th February 2021,Unweighted base,85,37,48,17,15,25,14,10,7,12,29,36,10,10,8,3,17,2,10,3,2,4,25,7,2,2,73,,,,,,,,,,,,,,,,,,,,,,,,,,,,,,,,,,,,,,,,,,,,,,,,,
Table 13,Q4a. Types of news/information seen on social media and search engines in last week: WhatsApp group(s),ONLINE Fieldwork: 12th to 14th February 2021,Weighted base,93*,40*,54*,18**,15**,29**,16**,11**,9**,11**,28**,35**,19**,12**,8**,3**,25**,2**,13**,3**,2**,5**,24**,6**,1**,1**,82*,,,,,,,,,,,,,,,,,,,,,,,,,,,,,,,,,,,,,,,,,,,,,,,,,
Table 13,Q4a. Types of news/information seen on social media and search engines in last week: WhatsApp group(s),ONLINE Fieldwork: 12th to 14th February 2021,Opinions from a person you know,56,24,32,8,8,18,7,9,5,9,10,26,10,9,5,1,12,2,11,1,2,4,13,2,1,1,47,,,,,,,,,,,,,,,,,,,,,,,,,,,,,,,,,,,,,,,,,,,,,,,,,
Table 13,Q4a. Types of news/information seen on social media and search engines in last week: WhatsApp group(s),ONLINE Fieldwork: 12th to 14th February 2021,Facts forwarded/ posted/ shared from a person you know,51,23,29,6,4,15,13,5,6,6,11,24,10,7,6,3,12,1,6,3,2,1,13,4,1,*,43,,,,,,,,,,,,,,,,,,,,,,,,,,,,,,,,,,,,,,,,,,,,,,,,,
Table 13,Q4a. Types of news/information seen on social media and search engines in last week: WhatsApp group(s),ONLINE Fieldwork: 12th to 14th February 2021,"Directly from traditional TV or press news sources such as the BBC, Telegraph, The Daily Mail, etc",25,13,11,4,3,11,2,5,2,1,9,4,5,6,1,-,9,-,3,*,*,-,8,2,-,-,23,,,,,,,,,,,,,,,,,,,,,,,,,,,,,,,,,,,,,,,,,,,,,,,,,
Table 13,Q4a. Types of news/information seen on social media and search engines in last week: WhatsApp group(s),ONLINE Fieldwork: 12th to 14th February 2021,Facts forwarded/ posted/ shared from a person you don't know,16,8,9,1,1,5,3,5,1,2,3,6,6,2,-,-,6,2,2,3,-,-,4,-,-,-,16,,,,,,,,,,,,,,,,,,,,,,,,,,,,,,,,,,,,,,,,,,,,,,,,,
Table 13,Q4a. Types of news/information seen on social media and search engines in last week: WhatsApp group(s),ONLINE Fieldwork: 12th to 14th February 2021,"Directly from official sources such as NHS, Government etc",16,6,9,4,3,4,2,6,*,-,7,6,1,2,2,-,5,-,1,*,*,-,6,1,-,-,13,,,,,,,,,,,,,,,,,,,,,,,,,,,,,,,,,,,,,,,,,,,,,,,,,
Table 13,Q4a. Types of news/information seen on social media and search engines in last week: WhatsApp group(s),ONLINE Fieldwork: 12th to 14th February 2021,"Directly from online news providers like Buzzfeed, Huffington Post, Vice, etc.",14,9,5,2,2,7,-,4,1,-,5,4,2,3,*,-,4,-,3,*,-,-,7,-,-,-,14,,,,,,,,,,,,,,,,,,,,,,,,,,,,,,,,,,,,,,,,,,,,,,,,,
Table 13,Q4a. Types of news/information seen on social media and search engines in last week: WhatsApp group(s),ONLINE Fieldwork: 12th to 14th February 2021,"Directly from 'Nonmainstream' news sources such as Russia Today, Breitbart, Swawkbox, Infowars, Rebel Media etc",13,7,7,5,5,7,-,1,-,-,6,2,-,5,-,-,8,-,-,*,-,1,3,-,-,-,13,,,,,,,,,,,,,,,,,,,,,,,,,,,,,,,,,,,,,,,,,,,,,,,,,
Table 13,Q4a. Types of news/information seen on social media and search engines in last week: WhatsApp group(s),ONLINE Fieldwork: 12th to 14th February 2021,Opinions from a person you don't know,7,5,2,1,1,4,1,1,-,-,2,2,-,3,1,-,2,1,-,-,-,-,3,-,-,-,5,,,,,,,,,,,,,,,,,,,,,,,,,,,,,,,,,,,,,,,,,,,,,,,,,
Table 13,Q4a. Types of news/information seen on social media and search engines in last week: WhatsApp group(s),ONLINE Fieldwork: 12th to 14th February 2021,Weighted base,93*,40*,54*,18**,15**,29**,16**,11**,9**,11**,28**,35**,19**,12**,8**,3**,25**,2**,13**,3**,2**,5**,24**,6**,1**,1**,82*,,,,,,,,,,,,,,,,,,,,,,,,,,,,,,,,,,,,,,,,,,,,,,,,,
Table 13,Q4a. Types of news/information seen on social media and search engines in last week: WhatsApp group(s),ONLINE Fieldwork: 12th to 14th February 2021,I don't notice where the information is coming from,2,1,1,1,1,-,-,-,1,-,2,-,-,-,-,-,-,-,-,-,-,1,1,-,-,-,2,,,,,,,,,,,,,,,,,,,,,,,,,,,,,,,,,,,,,,,,,,,,,,,,,
Table 12,Q4a. Types of news/information seen on social media and search engines in last week: WhatsApp group(s),ONLINE Fieldwork: 7th to 9th August 2020,Unweighted base,50,29,21,8,8,13,13,2,10,4,21,16,8,5,,,,,,,,,,,,,,,,,,,,,,,,,,,,,,,,,,,,,,,,,,,,,,,,,,,,,,,,,,,,,,
Table 12,Q4a. Types of news/information seen on social media and search engines in last week: WhatsApp group(s),ONLINE Fieldwork: 7th to 9th August 2020,Weighted base,51*,30**,20**,9**,9**,11**,13**,2**,11**,5**,19**,17**,9**,6**,,,,,,,,,,,,,,,,,,,,,,,,,,,,,,,,,,,,,,,,,,,,,,,,,,,,,,,,,,,,,,
Table 12,Q4a. Types of news/information seen on social media and search engines in last week: WhatsApp group(s),ONLINE Fieldwork: 7th to 9th August 2020,Facts forwarded/ posted/ shared from a person you know,24,15,10,4,4,5,5,1,8,3,9,10,3,3,,,,,,,,,,,,,,,,,,,,,,,,,,,,,,,,,,,,,,,,,,,,,,,,,,,,,,,,,,,,,,
Table 12,Q4a. Types of news/information seen on social media and search engines in last week: WhatsApp group(s),ONLINE Fieldwork: 7th to 9th August 2020,Opinions from a person you know,22,13,9,4,4,2,8,-,5,3,8,9,3,2,,,,,,,,,,,,,,,,,,,,,,,,,,,,,,,,,,,,,,,,,,,,,,,,,,,,,,,,,,,,,,
Table 12,Q4a. Types of news/information seen on social media and search engines in last week: WhatsApp group(s),ONLINE Fieldwork: 7th to 9th August 2020,"Directly from official sources such as NHS, Government etc",11,5,6,2,2,4,3,-,2,1,2,5,5,-,,,,,,,,,,,,,,,,,,,,,,,,,,,,,,,,,,,,,,,,,,,,,,,,,,,,,,,,,,,,,,
Table 12,Q4a. Types of news/information seen on social media and search engines in last week: WhatsApp group(s),ONLINE Fieldwork: 7th to 9th August 2020,"Directly from traditional TV or press news sources such as the BBC, Telegraph, The Daily Mail, etc",9,6,2,5,5,2,1,1,-,-,5,2,2,-,,,,,,,,,,,,,,,,,,,,,,,,,,,,,,,,,,,,,,,,,,,,,,,,,,,,,,,,,,,,,,
Table 12,Q4a. Types of news/information seen on social media and search engines in last week: WhatsApp group(s),ONLINE Fieldwork: 7th to 9th August 2020,Facts forwarded/ posted/ shared from a person you don't know,5,3,1,2,2,1,-,-,3,-,2,1,2,-,,,,,,,,,,,,,,,,,,,,,,,,,,,,,,,,,,,,,,,,,,,,,,,,,,,,,,,,,,,,,,
Table 12,Q4a. Types of news/information seen on social media and search engines in last week: WhatsApp group(s),ONLINE Fieldwork: 7th to 9th August 2020,"Directly from 'Nonmainstream' news sources such as Russia Today, Breitbart, Swawkbox etc",4,2,2,-,-,2,-,1,-,-,3,-,1,-,,,,,,,,,,,,,,,,,,,,,,,,,,,,,,,,,,,,,,,,,,,,,,,,,,,,,,,,,,,,,,
Table 12,Q4a. Types of news/information seen on social media and search engines in last week: WhatsApp group(s),ONLINE Fieldwork: 7th to 9th August 2020,"Directly from online news providers like Buzzfeed, Huffington Post, Vice, etc.",2,2,1,2,2,-,-,-,-,-,-,1,2,-,,,,,,,,,,,,,,,,,,,,,,,,,,,,,,,,,,,,,,,,,,,,,,,,,,,,,,,,,,,,,,
Table 12,Q4a. Types of news/information seen on social media and search engines in last week: WhatsApp group(s),ONLINE Fieldwork: 7th to 9th August 2020,Opinions from a person you don't know,2,2,-,2,2,-,-,-,*,-,-,*,2,-,,,,,,,,,,,,,,,,,,,,,,,,,,,,,,,,,,,,,,,,,,,,,,,,,,,,,,,,,,,,,,
Table 12,Q4a. Types of news/information seen on social media and search engines in last week: WhatsApp group(s),ONLINE Fieldwork: 7th to 9th August 2020,I don't notice where the information is coming from,2,2,-,-,-,1,2,-,-,-,-,1,-,2,,,,,,,,,,,,,,,,,,,,,,,,,,,,,,,,,,,,,,,,,,,,,,,,,,,,,,,,,,,,,,
Table 13,Q4a. Types of news/information seen on social media and search engines in last week: WhatsApp group(s),ONLINE Fieldwork: 9th to 11th October 2020,Unweighted base,84,43,41,20,19,20,13,9,11,11,34,31,8,11,6,1,7,9,10,2,5,4,22,11,5,2,71,,,,,,,,,,,,,,,,,,,,,,,,,,,,,,,,,,,,,,,,,,,,,,,,,
Table 13,Q4a. Types of news/information seen on social media and search engines in last week: WhatsApp group(s),ONLINE Fieldwork: 9th to 11th October 2020,Weighted base,93*,48*,45*,24**,23**,24**,11**,10**,12**,12**,39**,32**,9**,12**,7**,1**,7**,10**,11**,2**,5**,5**,26**,12**,6**,2**,80*,,,,,,,,,,,,,,,,,,,,,,,,,,,,,,,,,,,,,,,,,,,,,,,,,
Table 13,Q4a. Types of news/information seen on social media and search engines in last week: WhatsApp group(s),ONLINE Fieldwork: 9th to 11th October 2020,Facts forwarded/ posted/ shared from a person you know,61,31,30,17,17,16,6,6,7,9,23,24,7,7,3,1,6,3,8,-,4,4,19,8,4,-,54,,,,,,,,,,,,,,,,,,,,,,,,,,,,,,,,,,,,,,,,,,,,,,,,,
Table 13,Q4a. Types of news/information seen on social media and search engines in last week: WhatsApp group(s),ONLINE Fieldwork: 9th to 11th October 2020,Opinions from a person you know,54,30,24,9,7,14,5,9,8,9,26,17,8,3,3,1,5,8,7,2,1,4,10,6,3,2,47,,,,,,,,,,,,,,,,,,,,,,,,,,,,,,,,,,,,,,,,,,,,,,,,,
Table 13,Q4a. Types of news/information seen on social media and search engines in last week: WhatsApp group(s),ONLINE Fieldwork: 9th to 11th October 2020,"Directly from online news providers like Buzzfeed, Huffington Post, Vice, etc.",15,11,4,3,3,6,5,1,-,-,9,2,1,4,3,-,1,-,1,-,1,1,4,5,-,-,12,,,,,,,,,,,,,,,,,,,,,,,,,,,,,,,,,,,,,,,,,,,,,,,,,
Table 13,Q4a. Types of news/information seen on social media and search engines in last week: WhatsApp group(s),ONLINE Fieldwork: 9th to 11th October 2020,Facts forwarded/ posted/ shared from a person you don't know,15,8,7,5,5,3,2,-,2,4,6,8,-,1,-,-,4,2,1,-,2,1,5,-,-,-,13,,,,,,,,,,,,,,,,,,,,,,,,,,,,,,,,,,,,,,,,,,,,,,,,,
Table 13,Q4a. Types of news/information seen on social media and search engines in last week: WhatsApp group(s),ONLINE Fieldwork: 9th to 11th October 2020,"Directly from traditional TV or press news sources such as the BBC, Telegraph, The Daily Mail, etc",12,9,3,3,3,6,3,-,1,-,8,4,-,-,3,-,-,-,2,2,1,1,4,-,-,-,8,,,,,,,,,,,,,,,,,,,,,,,,,,,,,,,,,,,,,,,,,,,,,,,,,
Table 13,Q4a. Types of news/information seen on social media and search engines in last week: WhatsApp group(s),ONLINE Fieldwork: 9th to 11th October 2020,"Directly from official sources such as NHS, Government etc",10,5,5,1,1,4,3,1,1,1,7,3,1,-,1,-,-,1,3,1,1,1,2,1,-,-,9,,,,,,,,,,,,,,,,,,,,,,,,,,,,,,,,,,,,,,,,,,,,,,,,,
Table 13,Q4a. Types of news/information seen on social media and search engines in last week: WhatsApp group(s),ONLINE Fieldwork: 9th to 11th October 2020,Opinions from a person you don't know,7,3,4,3,3,2,1,-,1,1,2,4,-,1,-,-,3,1,1,-,-,-,1,-,2,-,7,,,,,,,,,,,,,,,,,,,,,,,,,,,,,,,,,,,,,,,,,,,,,,,,,
Table 13,Q4a. Types of news/information seen on social media and search engines in last week: WhatsApp group(s),ONLINE Fieldwork: 9th to 11th October 2020,"Directly from 'Nonmainstream' news sources such as Russia Today, Breitbart, Swawkbox etc",7,6,*,5,5,1,1,-,-,-,5,2,-,-,-,-,-,1,-,-,-,-,6,-,-,-,7,,,,,,,,,,,,,,,,,,,,,,,,,,,,,,,,,,,,,,,,,,,,,,,,,
Table 13,Q4a. Types of news/information seen on social media and search engines in last week: WhatsApp group(s),ONLINE Fieldwork: 9th to 11th October 2020,Weighted base,93*,48*,45*,24**,23**,24**,11**,10**,12**,12**,39**,32**,9**,12**,7**,1**,7**,10**,11**,2**,5**,5**,26**,12**,6**,2**,80*,,,,,,,,,,,,,,,,,,,,,,,,,,,,,,,,,,,,,,,,,,,,,,,,,
Table 13,Q4a. Types of news/information seen on social media and search engines in last week: WhatsApp group(s),ONLINE Fieldwork: 9th to 11th October 2020,I don't notice where the information is coming from,3,-,3,2,2,1,-,-,-,-,1,-,-,2,-,-,-,-,2,-,-,-,-,-,1,-,3,,,,,,,,,,,,,,,,,,,,,,,,,,,,,,,,,,,,,,,,,,,,,,,,,
