table,question,date,response,Total (a),Male (b),Female (c),25-34 (f),35-44 (g),45-54 (h),55-64 (i),65+ (j),AB (k),C1 (l),C2 (m),DE (n),Scotland (o),North East (p),North West (q),Yorkshire & Humberside (r),West Midlands (s),East Midlands (t),Wales (u),Eastern (v),London (w),South East (x),South West (y),Northern Ireland (z),NET: England (A),16-24 (d),Public (A),Private (B),Opinion Influencer (C),Broadcasters (b),NonBBC broadcasters (c),BBC services (d),Newspapers (e),Officials (f),Social Media (g),YouTube (h),Facebook (i),WhatsApp (j),Closed groups (k),Other online news sources (l),Family/ friends/ local ppl (m),Traditional media (n),Nonmainstream media (o),BBC TV (p),BBC Online (q),Direct from Govt (r),Yes (s),No (t),Drink more water (b),Gargle salt water (c),Eat warm food/ drink (d),Put clothes in sun (e),Natural remedies (f),Drink more lemon juice (g),Inhale steam (h),Theories linking Coronavirus to 5G technology (i),What's true/ false (j),Avoid news (k),Mainstream media exaggerating (l),Positive sides of society (m),Confusion (n),Wash hands 20 secs (o),Outside for essentials (p),Social distancing (q),Yes (r),No (s),Tier 1 (B),Tier 2 (C),Tier 3 (D)
Table 47,Q5. Trust in the sources for information/news about Coronavirus used in last week: RTÉ,ONLINE Fieldwork: 11th to 13th September 2020,Unweighted base,7,2,5,-,1,2,2,2,5,1,-,1,-,-,-,-,-,-,-,-,-,-,-,7,-,,,,,,,,,,,,,,,,,,,,,,,,,,,,,,,,,,,,,,,,,,,,
Table 47,Q5. Trust in the sources for information/news about Coronavirus used in last week: RTÉ,ONLINE Fieldwork: 11th to 13th September 2020,Weighted base,6**,2**,4**,-**,1**,2**,1**,2**,4**,1**,-**,1**,-**,-**,-**,-**,-**,-**,-**,-**,-**,-**,-**,6**,-**,,,,,,,,,,,,,,,,,,,,,,,,,,,,,,,,,,,,,,,,,,,,
Table 47,Q5. Trust in the sources for information/news about Coronavirus used in last week: RTÉ,ONLINE Fieldwork: 11th to 13th September 2020,NET: Trust,6,2,4,-,1,2,1,2,4,1,-,1,-,-,-,-,-,-,-,-,-,-,-,6,-,,,,,,,,,,,,,,,,,,,,,,,,,,,,,,,,,,,,,,,,,,,,
Table 47,Q5. Trust in the sources for information/news about Coronavirus used in last week: RTÉ,ONLINE Fieldwork: 11th to 13th September 2020,5 - Trust completely,1,-,1,-,-,1,-,-,-,1,-,-,-,-,-,-,-,-,-,-,-,-,-,1,-,,,,,,,,,,,,,,,,,,,,,,,,,,,,,,,,,,,,,,,,,,,,
Table 47,Q5. Trust in the sources for information/news about Coronavirus used in last week: RTÉ,ONLINE Fieldwork: 11th to 13th September 2020,4,5,2,3,-,1,1,1,2,4,-,-,1,-,-,-,-,-,-,-,-,-,-,-,5,-,,,,,,,,,,,,,,,,,,,,,,,,,,,,,,,,,,,,,,,,,,,,
Table 47,Q5. Trust in the sources for information/news about Coronavirus used in last week: RTÉ,ONLINE Fieldwork: 11th to 13th September 2020,3,-,-,-,-,-,-,-,-,-,-,-,-,-,-,-,-,-,-,-,-,-,-,-,-,-,,,,,,,,,,,,,,,,,,,,,,,,,,,,,,,,,,,,,,,,,,,,
Table 47,Q5. Trust in the sources for information/news about Coronavirus used in last week: RTÉ,ONLINE Fieldwork: 11th to 13th September 2020,2,-,-,-,-,-,-,-,-,-,-,-,-,-,-,-,-,-,-,-,-,-,-,-,-,-,,,,,,,,,,,,,,,,,,,,,,,,,,,,,,,,,,,,,,,,,,,,
Table 47,Q5. Trust in the sources for information/news about Coronavirus used in last week: RTÉ,ONLINE Fieldwork: 11th to 13th September 2020,1 - Do not trust at all,-,-,-,-,-,-,-,-,-,-,-,-,-,-,-,-,-,-,-,-,-,-,-,-,-,,,,,,,,,,,,,,,,,,,,,,,,,,,,,,,,,,,,,,,,,,,,
Table 47,Q5. Trust in the sources for information/news about Coronavirus used in last week: RTÉ,ONLINE Fieldwork: 11th to 13th September 2020,NET: Do not trust,-,-,-,-,-,-,-,-,-,-,-,-,-,-,-,-,-,-,-,-,-,-,-,-,-,,,,,,,,,,,,,,,,,,,,,,,,,,,,,,,,,,,,,,,,,,,,
Table 47,Q5. Trust in the sources for information/news about Coronavirus used in last week: RTÉ,ONLINE Fieldwork: 11th to 13th September 2020,Mean,4.14,4,4.21,-,4,4.46,4,4,4,5,-,4,-,-,-,-,-,-,-,-,-,-,-,4.14,-,,,,,,,,,,,,,,,,,,,,,,,,,,,,,,,,,,,,,,,,,,,,
Table 47,Q5. Trust in the sources for information/news about Coronavirus used in last week: RTÉ,ONLINE Fieldwork: 11th to 13th September 2020,Standard deviation Standard error,0.39,-,0.46,-,-,-,-,-,0,-,-,-,-,-,-,-,-,-,-,-,-,-,-,0.39,-,,,,,,,,,,,,,,,,,,,,,,,,,,,,,,,,,,,,,,,,,,,,
Table 39,Q5. Trust in the sources for information/news about Coronavirus used in last week: RTÉ,ONLINE Fieldwork: 29th to 31st May 2020,Unweighted base,5,4,1,-,1,2,1,-,3,1,1,-,,,,,,,,,,,,,,1,,,,,,,,,,,,,,,,,,,,,,,,,,,,,,,,,,,,,,,,,,,
Table 39,Q5. Trust in the sources for information/news about Coronavirus used in last week: RTÉ,ONLINE Fieldwork: 29th to 31st May 2020,Weighted base,6**,5**,1**,-**,1**,2**,1**,-**,3**,1**,1**,-**,,,,,,,,,,,,,,1**,,,,,,,,,,,,,,,,,,,,,,,,,,,,,,,,,,,,,,,,,,,
Table 39,Q5. Trust in the sources for information/news about Coronavirus used in last week: RTÉ,ONLINE Fieldwork: 29th to 31st May 2020,NET: Trust,4,4,-,-,1,1,-,-,3,1,-,-,,,,,,,,,,,,,,1,,,,,,,,,,,,,,,,,,,,,,,,,,,,,,,,,,,,,,,,,,,
Table 39,Q5. Trust in the sources for information/news about Coronavirus used in last week: RTÉ,ONLINE Fieldwork: 29th to 31st May 2020,5 - Trust completely,1,1,-,-,-,1,-,-,-,1,-,-,,,,,,,,,,,,,,-,,,,,,,,,,,,,,,,,,,,,,,,,,,,,,,,,,,,,,,,,,,
Table 39,Q5. Trust in the sources for information/news about Coronavirus used in last week: RTÉ,ONLINE Fieldwork: 29th to 31st May 2020,4,3,3,-,-,1,-,-,-,3,-,-,-,,,,,,,,,,,,,,1,,,,,,,,,,,,,,,,,,,,,,,,,,,,,,,,,,,,,,,,,,,
Table 39,Q5. Trust in the sources for information/news about Coronavirus used in last week: RTÉ,ONLINE Fieldwork: 29th to 31st May 2020,3,1,1,1,-,-,1,1,-,1,-,1,-,,,,,,,,,,,,,,-,,,,,,,,,,,,,,,,,,,,,,,,,,,,,,,,,,,,,,,,,,,
Table 39,Q5. Trust in the sources for information/news about Coronavirus used in last week: RTÉ,ONLINE Fieldwork: 29th to 31st May 2020,2,-,-,-,-,-,-,-,-,-,-,-,-,,,,,,,,,,,,,,-,,,,,,,,,,,,,,,,,,,,,,,,,,,,,,,,,,,,,,,,,,,
Table 39,Q5. Trust in the sources for information/news about Coronavirus used in last week: RTÉ,ONLINE Fieldwork: 29th to 31st May 2020,1 - Do not trust at all,-,-,-,-,-,-,-,-,-,-,-,-,,,,,,,,,,,,,,-,,,,,,,,,,,,,,,,,,,,,,,,,,,,,,,,,,,,,,,,,,,
Table 39,Q5. Trust in the sources for information/news about Coronavirus used in last week: RTÉ,ONLINE Fieldwork: 29th to 31st May 2020,NET: Do not trust,-,-,-,-,-,-,-,-,-,-,-,-,,,,,,,,,,,,,,-,,,,,,,,,,,,,,,,,,,,,,,,,,,,,,,,,,,,,,,,,,,
Table 39,Q5. Trust in the sources for information/news about Coronavirus used in last week: RTÉ,ONLINE Fieldwork: 29th to 31st May 2020,Mean,3.99,4.15,3,-,4,4.33,3,-,3.79,5,3,-,,,,,,,,,,,,,,4,,,,,,,,,,,,,,,,,,,,,,,,,,,,,,,,,,,,,,,,,,,
Table 39,Q5. Trust in the sources for information/news about Coronavirus used in last week: RTÉ,ONLINE Fieldwork: 29th to 31st May 2020,Standard deviation Standard error,0.79,0.72,-,-,-,1.3,-,-,0.48,-,-,-,,,,,,,,,,,,,,-,,,,,,,,,,,,,,,,,,,,,,,,,,,,,,,,,,,,,,,,,,,
Table 109,Q5. Trust in the sources for information/news about Coronavirus used in last week: RTÉ,ONLINE Fieldwork: 22nd to 24th May 2020,Unweighted base,6,2,4,1,1,1,3,,2,1,2,1,,-,-,-,-,-,,-,,-,-,6,,,-,3,-,,,,,,,,,,,,,,,,,,,,,,,,,,,,,,,,,,,,,,,,
Table 109,Q5. Trust in the sources for information/news about Coronavirus used in last week: RTÉ,ONLINE Fieldwork: 22nd to 24th May 2020,Weighted base,7**,2**,5**,1**,1**,1**,4**,,2**,2**,2**,1**,,-**,-**,-**,-**,-**,,-**,,-**,-**,7**,,,-**,3**,-**,,,,,,,,,,,,,,,,,,,,,,,,,,,,,,,,,,,,,,,,
Table 109,Q5. Trust in the sources for information/news about Coronavirus used in last week: RTÉ,ONLINE Fieldwork: 22nd to 24th May 2020,NET: Trust,7,2,5,1,1,1,4,,2,2,2,1,,-,-,-,-,-,,-,,-,-,7,,,-,3,-,,,,,,,,,,,,,,,,,,,,,,,,,,,,,,,,,,,,,,,,
Table 109,Q5. Trust in the sources for information/news about Coronavirus used in last week: RTÉ,ONLINE Fieldwork: 22nd to 24th May 2020,5 - Trust completely,-,-,-,-,-,-,-,,-,-,-,-,,-,-,-,-,-,,-,,-,-,-,,,-,-,-,,,,,,,,,,,,,,,,,,,,,,,,,,,,,,,,,,,,,,,,
Table 109,Q5. Trust in the sources for information/news about Coronavirus used in last week: RTÉ,ONLINE Fieldwork: 22nd to 24th May 2020,4,7,2,5,1,1,1,4,,2,2,2,1,,-,-,-,-,-,,-,,-,-,7,,,-,3,-,,,,,,,,,,,,,,,,,,,,,,,,,,,,,,,,,,,,,,,,
Table 109,Q5. Trust in the sources for information/news about Coronavirus used in last week: RTÉ,ONLINE Fieldwork: 22nd to 24th May 2020,3,-,-,-,-,-,-,-,,-,-,-,-,,-,-,-,-,-,,-,,-,-,-,,,-,-,-,,,,,,,,,,,,,,,,,,,,,,,,,,,,,,,,,,,,,,,,
Table 109,Q5. Trust in the sources for information/news about Coronavirus used in last week: RTÉ,ONLINE Fieldwork: 22nd to 24th May 2020,2,-,-,-,-,-,-,-,,-,-,-,-,,-,-,-,-,-,,-,,-,-,-,,,-,-,-,,,,,,,,,,,,,,,,,,,,,,,,,,,,,,,,,,,,,,,,
Table 109,Q5. Trust in the sources for information/news about Coronavirus used in last week: RTÉ,ONLINE Fieldwork: 22nd to 24th May 2020,1 - Do not trust at all,-,-,-,-,-,-,-,,-,-,-,-,,-,-,-,-,-,,-,,-,-,-,,,-,-,-,,,,,,,,,,,,,,,,,,,,,,,,,,,,,,,,,,,,,,,,
Table 109,Q5. Trust in the sources for information/news about Coronavirus used in last week: RTÉ,ONLINE Fieldwork: 22nd to 24th May 2020,NET: Do not trust,-,-,-,-,-,-,-,,-,-,-,-,,-,-,-,-,-,,-,,-,-,-,,,-,-,-,,,,,,,,,,,,,,,,,,,,,,,,,,,,,,,,,,,,,,,,
Table 109,Q5. Trust in the sources for information/news about Coronavirus used in last week: RTÉ,ONLINE Fieldwork: 22nd to 24th May 2020,Mean,4,4,4,4,4,4,4,,4,4,4,4,,-,-,-,-,-,,-,,-,-,4,,,-,4,-,,,,,,,,,,,,,,,,,,,,,,,,,,,,,,,,,,,,,,,,
Table 109,Q5. Trust in the sources for information/news about Coronavirus used in last week: RTÉ,ONLINE Fieldwork: 22nd to 24th May 2020,Standard deviation Standard error,0,-,0,-,-,-,0,,0,-,-,-,,-,-,-,-,-,,-,,-,-,0,,,-,0,-,,,,,,,,,,,,,,,,,,,,,,,,,,,,,,,,,,,,,,,,
Table 110,Q5. Trust in the sources for information/news about Coronavirus used in last week: RTÉ,ONLINE Fieldwork: 22nd to 24th May 2020,Unweighted base,6,,,,,,,,,,,,,,,,,,,,,,,,,,,,,6,6,6,1,1,1,1,1,-,-,1,2,6,-,3,-,-,1,2,,,,,,,,,,,,,,,,,,,,,
Table 110,Q5. Trust in the sources for information/news about Coronavirus used in last week: RTÉ,ONLINE Fieldwork: 22nd to 24th May 2020,Weighted base,7**,,,,,,,,,,,,,,,,,,,,,,,,,,,,,7**,7**,7**,1**,1**,1**,1**,1**,-**,-**,1**,2**,7**,-**,4**,-**,-**,1**,3**,,,,,,,,,,,,,,,,,,,,,
Table 110,Q5. Trust in the sources for information/news about Coronavirus used in last week: RTÉ,ONLINE Fieldwork: 22nd to 24th May 2020,NET: Trust,7,,,,,,,,,,,,,,,,,,,,,,,,,,,,,7,7,7,1,1,1,1,1,-,-,1,2,7,-,4,-,-,1,3,,,,,,,,,,,,,,,,,,,,,
Table 110,Q5. Trust in the sources for information/news about Coronavirus used in last week: RTÉ,ONLINE Fieldwork: 22nd to 24th May 2020,5 - Trust completely,-,,,,,,,,,,,,,,,,,,,,,,,,,,,,,-,-,-,-,-,-,-,-,-,-,-,-,-,-,-,-,-,-,-,,,,,,,,,,,,,,,,,,,,,
Table 110,Q5. Trust in the sources for information/news about Coronavirus used in last week: RTÉ,ONLINE Fieldwork: 22nd to 24th May 2020,4,7,,,,,,,,,,,,,,,,,,,,,,,,,,,,,7,7,7,1,1,1,1,1,-,-,1,2,7,-,4,-,-,1,3,,,,,,,,,,,,,,,,,,,,,
Table 110,Q5. Trust in the sources for information/news about Coronavirus used in last week: RTÉ,ONLINE Fieldwork: 22nd to 24th May 2020,3,-,,,,,,,,,,,,,,,,,,,,,,,,,,,,,-,-,-,-,-,-,-,-,-,-,-,-,-,-,-,-,-,-,-,,,,,,,,,,,,,,,,,,,,,
Table 110,Q5. Trust in the sources for information/news about Coronavirus used in last week: RTÉ,ONLINE Fieldwork: 22nd to 24th May 2020,2,-,,,,,,,,,,,,,,,,,,,,,,,,,,,,,-,-,-,-,-,-,-,-,-,-,-,-,-,-,-,-,-,-,-,,,,,,,,,,,,,,,,,,,,,
Table 110,Q5. Trust in the sources for information/news about Coronavirus used in last week: RTÉ,ONLINE Fieldwork: 22nd to 24th May 2020,1 - Do not trust at all,-,,,,,,,,,,,,,,,,,,,,,,,,,,,,,-,-,-,-,-,-,-,-,-,-,-,-,-,-,-,-,-,-,-,,,,,,,,,,,,,,,,,,,,,
Table 110,Q5. Trust in the sources for information/news about Coronavirus used in last week: RTÉ,ONLINE Fieldwork: 22nd to 24th May 2020,NET: Do not trust,-,,,,,,,,,,,,,,,,,,,,,,,,,,,,,-,-,-,-,-,-,-,-,-,-,-,-,-,-,-,-,-,-,-,,,,,,,,,,,,,,,,,,,,,
Table 110,Q5. Trust in the sources for information/news about Coronavirus used in last week: RTÉ,ONLINE Fieldwork: 22nd to 24th May 2020,Mean,4,,,,,,,,,,,,,,,,,,,,,,,,,,,,,4,4,4,4,4,4,4,4,-,-,4,4,4,-,4,-,-,4,4,,,,,,,,,,,,,,,,,,,,,
Table 110,Q5. Trust in the sources for information/news about Coronavirus used in last week: RTÉ,ONLINE Fieldwork: 22nd to 24th May 2020,Standard deviation Standard error,0,,,,,,,,,,,,,,,,,,,,,,,,,,,,,0,0,0,-,-,-,-,-,-,-,-,0,0,-,0,-,-,-,0,,,,,,,,,,,,,,,,,,,,,
Table 111,Q5. Trust in the sources for information/news about Coronavirus used in last week: RTÉ,ONLINE Fieldwork: 22nd to 24th May 2020,Unweighted base,6,,,,,,,,,,,,,,,,,,,,,,,,,,,,,,,,,,,,,,,,,,,,,,,,1,1,1,-,2,1,1,2,2,1,1,5,3,5,6,5,6,-,,,
Table 111,Q5. Trust in the sources for information/news about Coronavirus used in last week: RTÉ,ONLINE Fieldwork: 22nd to 24th May 2020,Weighted base,7**,,,,,,,,,,,,,,,,,,,,,,,,,,,,,,,,,,,,,,,,,,,,,,,,1**,1**,1**,-**,2**,1**,1**,2**,2**,2**,1**,5**,3**,6**,7**,6**,7**,-**,,,
Table 111,Q5. Trust in the sources for information/news about Coronavirus used in last week: RTÉ,ONLINE Fieldwork: 22nd to 24th May 2020,NET: Trust,7,,,,,,,,,,,,,,,,,,,,,,,,,,,,,,,,,,,,,,,,,,,,,,,,1,1,1,-,2,1,1,2,2,2,1,5,3,6,7,6,7,-,,,
Table 111,Q5. Trust in the sources for information/news about Coronavirus used in last week: RTÉ,ONLINE Fieldwork: 22nd to 24th May 2020,5 - Trust completely,-,,,,,,,,,,,,,,,,,,,,,,,,,,,,,,,,,,,,,,,,,,,,,,,,-,-,-,-,-,-,-,-,-,-,-,-,-,-,-,-,-,-,,,
Table 111,Q5. Trust in the sources for information/news about Coronavirus used in last week: RTÉ,ONLINE Fieldwork: 22nd to 24th May 2020,4,7,,,,,,,,,,,,,,,,,,,,,,,,,,,,,,,,,,,,,,,,,,,,,,,,1,1,1,-,2,1,1,2,2,2,1,5,3,6,7,6,7,-,,,
Table 111,Q5. Trust in the sources for information/news about Coronavirus used in last week: RTÉ,ONLINE Fieldwork: 22nd to 24th May 2020,3,-,,,,,,,,,,,,,,,,,,,,,,,,,,,,,,,,,,,,,,,,,,,,,,,,-,-,-,-,-,-,-,-,-,-,-,-,-,-,-,-,-,-,,,
Table 111,Q5. Trust in the sources for information/news about Coronavirus used in last week: RTÉ,ONLINE Fieldwork: 22nd to 24th May 2020,2,-,,,,,,,,,,,,,,,,,,,,,,,,,,,,,,,,,,,,,,,,,,,,,,,,-,-,-,-,-,-,-,-,-,-,-,-,-,-,-,-,-,-,,,
Table 111,Q5. Trust in the sources for information/news about Coronavirus used in last week: RTÉ,ONLINE Fieldwork: 22nd to 24th May 2020,1 - Do not trust at all,-,,,,,,,,,,,,,,,,,,,,,,,,,,,,,,,,,,,,,,,,,,,,,,,,-,-,-,-,-,-,-,-,-,-,-,-,-,-,-,-,-,-,,,
Table 111,Q5. Trust in the sources for information/news about Coronavirus used in last week: RTÉ,ONLINE Fieldwork: 22nd to 24th May 2020,NET: Do not trust,-,,,,,,,,,,,,,,,,,,,,,,,,,,,,,,,,,,,,,,,,,,,,,,,,-,-,-,-,-,-,-,-,-,-,-,-,-,-,-,-,-,-,,,
Table 111,Q5. Trust in the sources for information/news about Coronavirus used in last week: RTÉ,ONLINE Fieldwork: 22nd to 24th May 2020,Mean,4,,,,,,,,,,,,,,,,,,,,,,,,,,,,,,,,,,,,,,,,,,,,,,,,4,4,4,-,4,4,4,4,4,4,4,4,4,4,4,4,4,-,,,
Table 111,Q5. Trust in the sources for information/news about Coronavirus used in last week: RTÉ,ONLINE Fieldwork: 22nd to 24th May 2020,Standard deviation Standard error,0,,,,,,,,,,,,,,,,,,,,,,,,,,,,,,,,,,,,,,,,,,,,,,,,-,-,-,-,0,-,-,-,0,-,-,0,0,0,0,0,0,-,,,
Table 47,Q5. Trust in the sources for information/news about Coronavirus used in last week: RTÉ,ONLINE Fieldwork: 5th to 11th April 2021,Unweighted base,4,1,3,-,-,1,1,2,1,1,1,1,-,-,-,-,-,-,-,-,-,-,-,4,-,,,,,,,,,,,,,,,,,,,,,,,,,,,,,,,,,,,,,,,,,,,,
Table 47,Q5. Trust in the sources for information/news about Coronavirus used in last week: RTÉ,ONLINE Fieldwork: 5th to 11th April 2021,Weighted base,3**,1**,2**,-**,-**,1**,1**,2**,1**,1**,1**,1**,-**,-**,-**,-**,-**,-**,-**,-**,-**,-**,-**,3**,-**,,,,,,,,,,,,,,,,,,,,,,,,,,,,,,,,,,,,,,,,,,,,
Table 47,Q5. Trust in the sources for information/news about Coronavirus used in last week: RTÉ,ONLINE Fieldwork: 5th to 11th April 2021,NET: Trust,2,-,2,-,-,-,1,2,1,1,1,-,-,-,-,-,-,-,-,-,-,-,-,2,-,,,,,,,,,,,,,,,,,,,,,,,,,,,,,,,,,,,,,,,,,,,,
Table 47,Q5. Trust in the sources for information/news about Coronavirus used in last week: RTÉ,ONLINE Fieldwork: 5th to 11th April 2021,5 - Trust completely,1,-,1,-,-,-,1,1,1,-,1,-,-,-,-,-,-,-,-,-,-,-,-,1,-,,,,,,,,,,,,,,,,,,,,,,,,,,,,,,,,,,,,,,,,,,,,
Table 47,Q5. Trust in the sources for information/news about Coronavirus used in last week: RTÉ,ONLINE Fieldwork: 5th to 11th April 2021,4,1,-,1,-,-,-,-,1,-,1,-,-,-,-,-,-,-,-,-,-,-,-,-,1,-,,,,,,,,,,,,,,,,,,,,,,,,,,,,,,,,,,,,,,,,,,,,
Table 47,Q5. Trust in the sources for information/news about Coronavirus used in last week: RTÉ,ONLINE Fieldwork: 5th to 11th April 2021,3,1,1,-,-,-,1,-,-,-,-,-,1,-,-,-,-,-,-,-,-,-,-,-,1,-,,,,,,,,,,,,,,,,,,,,,,,,,,,,,,,,,,,,,,,,,,,,
Table 47,Q5. Trust in the sources for information/news about Coronavirus used in last week: RTÉ,ONLINE Fieldwork: 5th to 11th April 2021,2,-,-,-,-,-,-,-,-,-,-,-,-,-,-,-,-,-,-,-,-,-,-,-,-,-,,,,,,,,,,,,,,,,,,,,,,,,,,,,,,,,,,,,,,,,,,,,
Table 47,Q5. Trust in the sources for information/news about Coronavirus used in last week: RTÉ,ONLINE Fieldwork: 5th to 11th April 2021,1 - Do not trust at all,-,-,-,-,-,-,-,-,-,-,-,-,-,-,-,-,-,-,-,-,-,-,-,-,-,,,,,,,,,,,,,,,,,,,,,,,,,,,,,,,,,,,,,,,,,,,,
Table 47,Q5. Trust in the sources for information/news about Coronavirus used in last week: RTÉ,ONLINE Fieldwork: 5th to 11th April 2021,NET: Do not trust,-,-,-,-,-,-,-,-,-,-,-,-,-,-,-,-,-,-,-,-,-,-,-,-,-,,,,,,,,,,,,,,,,,,,,,,,,,,,,,,,,,,,,,,,,,,,,
Table 47,Q5. Trust in the sources for information/news about Coronavirus used in last week: RTÉ,ONLINE Fieldwork: 5th to 11th April 2021,Mean,4.13,3,4.56,-,-,3,5,4.41,5,4,5,3,-,-,-,-,-,-,-,-,-,-,-,4.13,-,,,,,,,,,,,,,,,,,,,,,,,,,,,,,,,,,,,,,,,,,,,,
Table 47,Q5. Trust in the sources for information/news about Coronavirus used in last week: RTÉ,ONLINE Fieldwork: 5th to 11th April 2021,Standard deviation Standard error,1.01,-,0.69,-,-,-,-,-,-,-,-,-,-,-,-,-,-,-,-,-,-,-,-,1.01,-,,,,,,,,,,,,,,,,,,,,,,,,,,,,,,,,,,,,,,,,,,,,
Table 39,Q5. Trust in the sources for information/news about Coronavirus used in last week: RTÉ,ONLINE Fieldwork: 5th to 7th June 2020,Unweighted base,10,4,6,-,1,1,2,6,7,1,-,2,,,,,,,,,,,,,,,,,,,,,,,,,,,,,,,,,,,,,,,,,,,,,,,,,,,,,,,,,
Table 39,Q5. Trust in the sources for information/news about Coronavirus used in last week: RTÉ,ONLINE Fieldwork: 5th to 7th June 2020,Weighted base,8**,3**,5**,-**,1**,1**,2**,5**,6**,1**,-**,1**,,,,,,,,,,,,,,,,,,,,,,,,,,,,,,,,,,,,,,,,,,,,,,,,,,,,,,,,,
Table 39,Q5. Trust in the sources for information/news about Coronavirus used in last week: RTÉ,ONLINE Fieldwork: 5th to 7th June 2020,NET: Trust,7,3,4,-,1,1,2,4,5,1,-,1,,,,,,,,,,,,,,,,,,,,,,,,,,,,,,,,,,,,,,,,,,,,,,,,,,,,,,,,,
Table 39,Q5. Trust in the sources for information/news about Coronavirus used in last week: RTÉ,ONLINE Fieldwork: 5th to 7th June 2020,5 - Trust completely,1,1,1,-,-,1,-,1,1,-,-,1,,,,,,,,,,,,,,,,,,,,,,,,,,,,,,,,,,,,,,,,,,,,,,,,,,,,,,,,,
Table 39,Q5. Trust in the sources for information/news about Coronavirus used in last week: RTÉ,ONLINE Fieldwork: 5th to 7th June 2020,4,6,2,3,-,1,-,2,3,4,1,-,1,,,,,,,,,,,,,,,,,,,,,,,,,,,,,,,,,,,,,,,,,,,,,,,,,,,,,,,,,
Table 39,Q5. Trust in the sources for information/news about Coronavirus used in last week: RTÉ,ONLINE Fieldwork: 5th to 7th June 2020,3,1,-,1,-,-,-,-,1,1,-,-,-,,,,,,,,,,,,,,,,,,,,,,,,,,,,,,,,,,,,,,,,,,,,,,,,,,,,,,,,,
Table 39,Q5. Trust in the sources for information/news about Coronavirus used in last week: RTÉ,ONLINE Fieldwork: 5th to 7th June 2020,2,-,-,-,-,-,-,-,-,-,-,-,-,,,,,,,,,,,,,,,,,,,,,,,,,,,,,,,,,,,,,,,,,,,,,,,,,,,,,,,,,
Table 39,Q5. Trust in the sources for information/news about Coronavirus used in last week: RTÉ,ONLINE Fieldwork: 5th to 7th June 2020,1 - Do not trust at all,-,-,-,-,-,-,-,-,-,-,-,-,,,,,,,,,,,,,,,,,,,,,,,,,,,,,,,,,,,,,,,,,,,,,,,,,,,,,,,,,
Table 39,Q5. Trust in the sources for information/news about Coronavirus used in last week: RTÉ,ONLINE Fieldwork: 5th to 7th June 2020,NET: Do not trust,-,-,-,-,-,-,-,-,-,-,-,-,,,,,,,,,,,,,,,,,,,,,,,,,,,,,,,,,,,,,,,,,,,,,,,,,,,,,,,,,
Table 39,Q5. Trust in the sources for information/news about Coronavirus used in last week: RTÉ,ONLINE Fieldwork: 5th to 7th June 2020,Mean,4.06,4.22,3.97,-,4,5,4,3.95,3.97,4,-,4.45,,,,,,,,,,,,,,,,,,,,,,,,,,,,,,,,,,,,,,,,,,,,,,,,,,,,,,,,,
Table 39,Q5. Trust in the sources for information/news about Coronavirus used in last week: RTÉ,ONLINE Fieldwork: 5th to 7th June 2020,Standard deviation Standard error,0.57,0.51,0.65,-,-,-,-,0.63,0.59,-,-,-,,,,,,,,,,,,,,,,,,,,,,,,,,,,,,,,,,,,,,,,,,,,,,,,,,,,,,,,,
Table 47,Q5. Trust in the sources for information/news about Coronavirus used in last week: RTÉ,ONLINE Fieldwork: 12th to 14th March 2021,Unweighted base,11,5,6,1,1,1,4,4,6,2,1,2,-,-,-,-,-,-,-,-,-,-,-,11,-,,,,,,,,,,,,,,,,,,,,,,,,,,,,,,,,,,,,,,,,,,,,
Table 47,Q5. Trust in the sources for information/news about Coronavirus used in last week: RTÉ,ONLINE Fieldwork: 12th to 14th March 2021,Weighted base,10**,4**,5**,1**,1**,1**,3**,3**,5**,2**,1**,2**,-**,-**,-**,-**,-**,-**,-**,-**,-**,-**,-**,10**,-**,,,,,,,,,,,,,,,,,,,,,,,,,,,,,,,,,,,,,,,,,,,,
Table 47,Q5. Trust in the sources for information/news about Coronavirus used in last week: RTÉ,ONLINE Fieldwork: 12th to 14th March 2021,NET: Trust,7,2,4,1,1,-,2,2,5,1,-,1,-,-,-,-,-,-,-,-,-,-,-,7,-,,,,,,,,,,,,,,,,,,,,,,,,,,,,,,,,,,,,,,,,,,,,
Table 47,Q5. Trust in the sources for information/news about Coronavirus used in last week: RTÉ,ONLINE Fieldwork: 12th to 14th March 2021,5 - Trust completely,3,1,2,1,1,-,1,*,2,1,-,1,-,-,-,-,-,-,-,-,-,-,-,3,-,,,,,,,,,,,,,,,,,,,,,,,,,,,,,,,,,,,,,,,,,,,,
Table 47,Q5. Trust in the sources for information/news about Coronavirus used in last week: RTÉ,ONLINE Fieldwork: 12th to 14th March 2021,4,3,1,2,-,-,-,1,2,3,-,-,-,-,-,-,-,-,-,-,-,-,-,-,3,-,,,,,,,,,,,,,,,,,,,,,,,,,,,,,,,,,,,,,,,,,,,,
Table 47,Q5. Trust in the sources for information/news about Coronavirus used in last week: RTÉ,ONLINE Fieldwork: 12th to 14th March 2021,3,3,2,1,-,-,1,1,1,-,1,1,1,-,-,-,-,-,-,-,-,-,-,-,3,-,,,,,,,,,,,,,,,,,,,,,,,,,,,,,,,,,,,,,,,,,,,,
Table 47,Q5. Trust in the sources for information/news about Coronavirus used in last week: RTÉ,ONLINE Fieldwork: 12th to 14th March 2021,2,-,-,-,-,-,-,-,-,-,-,-,-,-,-,-,-,-,-,-,-,-,-,-,-,-,,,,,,,,,,,,,,,,,,,,,,,,,,,,,,,,,,,,,,,,,,,,
Table 47,Q5. Trust in the sources for information/news about Coronavirus used in last week: RTÉ,ONLINE Fieldwork: 12th to 14th March 2021,1 - Do not trust at all,-,-,-,-,-,-,-,-,-,-,-,-,-,-,-,-,-,-,-,-,-,-,-,-,-,,,,,,,,,,,,,,,,,,,,,,,,,,,,,,,,,,,,,,,,,,,,
Table 47,Q5. Trust in the sources for information/news about Coronavirus used in last week: RTÉ,ONLINE Fieldwork: 12th to 14th March 2021,NET: Do not trust,-,-,-,-,-,-,-,-,-,-,-,-,-,-,-,-,-,-,-,-,-,-,-,-,-,,,,,,,,,,,,,,,,,,,,,,,,,,,,,,,,,,,,,,,,,,,,
Table 47,Q5. Trust in the sources for information/news about Coronavirus used in last week: RTÉ,ONLINE Fieldwork: 12th to 14th March 2021,Mean,4.01,3.78,4.2,5,5,3,3.88,3.79,4.34,3.92,3,3.77,-,-,-,-,-,-,-,-,-,-,-,4.01,-,,,,,,,,,,,,,,,,,,,,,,,,,,,,,,,,,,,,,,,,,,,,
Table 47,Q5. Trust in the sources for information/news about Coronavirus used in last week: RTÉ,ONLINE Fieldwork: 12th to 14th March 2021,Standard deviation Standard error,0.87,0.95,0.85,-,-,-,0.9,0.79,0.53,1.37,-,1.38,-,-,-,-,-,-,-,-,-,-,-,0.87,-,,,,,,,,,,,,,,,,,,,,,,,,,,,,,,,,,,,,,,,,,,,,
Table 47,Q5. Trust in the sources for information/news about Coronavirus used in last week: RTÉ,ONLINE Fieldwork: 6th to 8th November 2020,Unweighted base,6,5,1,-,1,2,1,2,4,1,1,-,-,-,-,-,-,-,-,-,-,-,-,6,-,,,,,,,,,,,,,,,,,,,,,,,,,,,,,,,,,,,,,,,,,,,,
Table 47,Q5. Trust in the sources for information/news about Coronavirus used in last week: RTÉ,ONLINE Fieldwork: 6th to 8th November 2020,Weighted base,5**,4**,1**,-**,1**,2**,1**,2**,3**,1**,1**,-**,-**,-**,-**,-**,-**,-**,-**,-**,-**,-**,-**,5**,-**,,,,,,,,,,,,,,,,,,,,,,,,,,,,,,,,,,,,,,,,,,,,
Table 47,Q5. Trust in the sources for information/news about Coronavirus used in last week: RTÉ,ONLINE Fieldwork: 6th to 8th November 2020,NET: Trust,5,4,1,-,1,2,-,2,3,1,1,-,-,-,-,-,-,-,-,-,-,-,-,5,-,,,,,,,,,,,,,,,,,,,,,,,,,,,,,,,,,,,,,,,,,,,,
Table 47,Q5. Trust in the sources for information/news about Coronavirus used in last week: RTÉ,ONLINE Fieldwork: 6th to 8th November 2020,5 - Trust completely,2,1,1,-,1,1,-,-,1,1,-,-,-,-,-,-,-,-,-,-,-,-,-,2,-,,,,,,,,,,,,,,,,,,,,,,,,,,,,,,,,,,,,,,,,,,,,
Table 47,Q5. Trust in the sources for information/news about Coronavirus used in last week: RTÉ,ONLINE Fieldwork: 6th to 8th November 2020,4,3,3,-,-,-,1,-,2,2,-,1,-,-,-,-,-,-,-,-,-,-,-,-,3,-,,,,,,,,,,,,,,,,,,,,,,,,,,,,,,,,,,,,,,,,,,,,
Table 47,Q5. Trust in the sources for information/news about Coronavirus used in last week: RTÉ,ONLINE Fieldwork: 6th to 8th November 2020,3,1,1,-,-,-,-,1,-,1,-,-,-,-,-,-,-,-,-,-,-,-,-,-,1,-,,,,,,,,,,,,,,,,,,,,,,,,,,,,,,,,,,,,,,,,,,,,
Table 47,Q5. Trust in the sources for information/news about Coronavirus used in last week: RTÉ,ONLINE Fieldwork: 6th to 8th November 2020,2,-,-,-,-,-,-,-,-,-,-,-,-,-,-,-,-,-,-,-,-,-,-,-,-,-,,,,,,,,,,,,,,,,,,,,,,,,,,,,,,,,,,,,,,,,,,,,
Table 47,Q5. Trust in the sources for information/news about Coronavirus used in last week: RTÉ,ONLINE Fieldwork: 6th to 8th November 2020,1 - Do not trust at all,-,-,-,-,-,-,-,-,-,-,-,-,-,-,-,-,-,-,-,-,-,-,-,-,-,,,,,,,,,,,,,,,,,,,,,,,,,,,,,,,,,,,,,,,,,,,,
Table 47,Q5. Trust in the sources for information/news about Coronavirus used in last week: RTÉ,ONLINE Fieldwork: 6th to 8th November 2020,NET: Do not trust,-,-,-,-,-,-,-,-,-,-,-,-,-,-,-,-,-,-,-,-,-,-,-,-,-,,,,,,,,,,,,,,,,,,,,,,,,,,,,,,,,,,,,,,,,,,,,
Table 47,Q5. Trust in the sources for information/news about Coronavirus used in last week: RTÉ,ONLINE Fieldwork: 6th to 8th November 2020,Mean,4.27,4.11,5,-,5,4.55,3,4,4.14,5,4,-,-,-,-,-,-,-,-,-,-,-,-,4.27,-,,,,,,,,,,,,,,,,,,,,,,,,,,,,,,,,,,,,,,,,,,,,
Table 47,Q5. Trust in the sources for information/news about Coronavirus used in last week: RTÉ,ONLINE Fieldwork: 6th to 8th November 2020,Standard deviation Standard error,0.74,0.72,-,-,-,-,-,-,0.84,-,-,-,-,-,-,-,-,-,-,-,-,-,-,0.74,-,,,,,,,,,,,,,,,,,,,,,,,,,,,,,,,,,,,,,,,,,,,,
Table 39,Q5. Trust in the sources for information/news about Coronavirus used in last week: RTÉ,ONLINE Fieldwork: 12th to 15th June 2020,Unweighted base,6,4,2,1,-,1,1,3,4,1,-,1,,,,,,,,,,,,,,,,,,,,,,,,,,,,,,,,,,,,,,,,,,,,,,,,,,,,,,,,,
Table 39,Q5. Trust in the sources for information/news about Coronavirus used in last week: RTÉ,ONLINE Fieldwork: 12th to 15th June 2020,Weighted base,6**,4**,2**,1**,-**,1**,1**,3**,4**,1**,-**,1**,,,,,,,,,,,,,,,,,,,,,,,,,,,,,,,,,,,,,,,,,,,,,,,,,,,,,,,,,
Table 39,Q5. Trust in the sources for information/news about Coronavirus used in last week: RTÉ,ONLINE Fieldwork: 12th to 15th June 2020,NET: Trust,6,4,2,1,-,1,1,3,4,1,-,1,,,,,,,,,,,,,,,,,,,,,,,,,,,,,,,,,,,,,,,,,,,,,,,,,,,,,,,,,
Table 39,Q5. Trust in the sources for information/news about Coronavirus used in last week: RTÉ,ONLINE Fieldwork: 12th to 15th June 2020,5 - Trust completely,2,2,-,1,-,-,-,1,2,-,-,-,,,,,,,,,,,,,,,,,,,,,,,,,,,,,,,,,,,,,,,,,,,,,,,,,,,,,,,,,
Table 39,Q5. Trust in the sources for information/news about Coronavirus used in last week: RTÉ,ONLINE Fieldwork: 12th to 15th June 2020,4,4,2,2,-,-,1,1,2,2,1,-,1,,,,,,,,,,,,,,,,,,,,,,,,,,,,,,,,,,,,,,,,,,,,,,,,,,,,,,,,,
Table 39,Q5. Trust in the sources for information/news about Coronavirus used in last week: RTÉ,ONLINE Fieldwork: 12th to 15th June 2020,3,-,-,-,-,-,-,-,-,-,-,-,-,,,,,,,,,,,,,,,,,,,,,,,,,,,,,,,,,,,,,,,,,,,,,,,,,,,,,,,,,
Table 39,Q5. Trust in the sources for information/news about Coronavirus used in last week: RTÉ,ONLINE Fieldwork: 12th to 15th June 2020,2,-,-,-,-,-,-,-,-,-,-,-,-,,,,,,,,,,,,,,,,,,,,,,,,,,,,,,,,,,,,,,,,,,,,,,,,,,,,,,,,,
Table 39,Q5. Trust in the sources for information/news about Coronavirus used in last week: RTÉ,ONLINE Fieldwork: 12th to 15th June 2020,1 - Do not trust at all,-,-,-,-,-,-,-,-,-,-,-,-,,,,,,,,,,,,,,,,,,,,,,,,,,,,,,,,,,,,,,,,,,,,,,,,,,,,,,,,,
Table 39,Q5. Trust in the sources for information/news about Coronavirus used in last week: RTÉ,ONLINE Fieldwork: 12th to 15th June 2020,NET: Do not trust,-,-,-,-,-,-,-,-,-,-,-,-,,,,,,,,,,,,,,,,,,,,,,,,,,,,,,,,,,,,,,,,,,,,,,,,,,,,,,,,,
Table 39,Q5. Trust in the sources for information/news about Coronavirus used in last week: RTÉ,ONLINE Fieldwork: 12th to 15th June 2020,Mean,4.41,4.57,4,5,-,4,4,4.4,4.58,4,-,4,,,,,,,,,,,,,,,,,,,,,,,,,,,,,,,,,,,,,,,,,,,,,,,,,,,,,,,,,
Table 39,Q5. Trust in the sources for information/news about Coronavirus used in last week: RTÉ,ONLINE Fieldwork: 12th to 15th June 2020,Standard deviation Standard error,0.54,0.56,-,-,-,-,-,0.61,0.56,-,-,-,,,,,,,,,,,,,,,,,,,,,,,,,,,,,,,,,,,,,,,,,,,,,,,,,,,,,,,,,
Table 47,Q5. Trust in the sources for information/news about Coronavirus used in last week: RTÉ,ONLINE Fieldwork: 4th to 6th June 2021,Unweighted base,5,3,2,-,2,2,-,1,2,2,-,1,-,-,-,-,-,-,-,-,-,-,-,5,-,,,,,,,,,,,,,,,,,,,,,,,,,,,,,,,,,,,,,,,,,,,,
Table 47,Q5. Trust in the sources for information/news about Coronavirus used in last week: RTÉ,ONLINE Fieldwork: 4th to 6th June 2021,Weighted base,5**,4**,1**,-**,1**,3**,-**,1**,2**,1**,-**,1**,-**,-**,-**,-**,-**,-**,-**,-**,-**,-**,-**,5**,-**,,,,,,,,,,,,,,,,,,,,,,,,,,,,,,,,,,,,,,,,,,,,
Table 47,Q5. Trust in the sources for information/news about Coronavirus used in last week: RTÉ,ONLINE Fieldwork: 4th to 6th June 2021,NET: Trust,2,1,1,-,1,-,-,1,1,1,-,-,-,-,-,-,-,-,-,-,-,-,-,2,-,,,,,,,,,,,,,,,,,,,,,,,,,,,,,,,,,,,,,,,,,,,,
Table 47,Q5. Trust in the sources for information/news about Coronavirus used in last week: RTÉ,ONLINE Fieldwork: 4th to 6th June 2021,5 - Trust completely,-,-,-,-,-,-,-,-,-,-,-,-,-,-,-,-,-,-,-,-,-,-,-,-,-,,,,,,,,,,,,,,,,,,,,,,,,,,,,,,,,,,,,,,,,,,,,
Table 47,Q5. Trust in the sources for information/news about Coronavirus used in last week: RTÉ,ONLINE Fieldwork: 4th to 6th June 2021,4,2,1,1,-,1,-,-,1,1,1,-,-,-,-,-,-,-,-,-,-,-,-,-,2,-,,,,,,,,,,,,,,,,,,,,,,,,,,,,,,,,,,,,,,,,,,,,
Table 47,Q5. Trust in the sources for information/news about Coronavirus used in last week: RTÉ,ONLINE Fieldwork: 4th to 6th June 2021,3,1,1,-,-,-,1,-,-,-,-,-,1,-,-,-,-,-,-,-,-,-,-,-,1,-,,,,,,,,,,,,,,,,,,,,,,,,,,,,,,,,,,,,,,,,,,,,
Table 47,Q5. Trust in the sources for information/news about Coronavirus used in last week: RTÉ,ONLINE Fieldwork: 4th to 6th June 2021,2,1,1,-,-,-,1,-,-,1,-,-,-,-,-,-,-,-,-,-,-,-,-,-,1,-,,,,,,,,,,,,,,,,,,,,,,,,,,,,,,,,,,,,,,,,,,,,
Table 47,Q5. Trust in the sources for information/news about Coronavirus used in last week: RTÉ,ONLINE Fieldwork: 4th to 6th June 2021,1 - Do not trust at all,-,-,-,-,-,-,-,-,-,-,-,-,-,-,-,-,-,-,-,-,-,-,-,-,-,,,,,,,,,,,,,,,,,,,,,,,,,,,,,,,,,,,,,,,,,,,,
Table 47,Q5. Trust in the sources for information/news about Coronavirus used in last week: RTÉ,ONLINE Fieldwork: 4th to 6th June 2021,NET: Do not trust,1,1,-,-,-,1,-,-,1,-,-,-,-,-,-,-,-,-,-,-,-,-,-,1,-,,,,,,,,,,,,,,,,,,,,,,,,,,,,,,,,,,,,,,,,,,,,
Table 47,Q5. Trust in the sources for information/news about Coronavirus used in last week: RTÉ,ONLINE Fieldwork: 4th to 6th June 2021,Mean,3.14,2.82,4,-,4,2.44,-,4,2.73,4,-,3,-,-,-,-,-,-,-,-,-,-,-,3.14,-,,,,,,,,,,,,,,,,,,,,,,,,,,,,,,,,,,,,,,,,,,,,
Table 47,Q5. Trust in the sources for information/news about Coronavirus used in last week: RTÉ,ONLINE Fieldwork: 4th to 6th June 2021,Standard deviation Standard error,0.97,0.94,-,-,-,0.63,-,-,1.27,-,-,-,-,-,-,-,-,-,-,-,-,-,-,0.97,-,,,,,,,,,,,,,,,,,,,,,,,,,,,,,,,,,,,,,,,,,,,,
Table 47,Q5. Trust in the sources for information/news about Coronavirus used in last week: RTÉ,ONLINE Fieldwork: 4th to 6th December 2020,Unweighted base,9,6,3,1,1,1,2,4,4,1,3,1,-,-,-,-,-,-,-,-,-,-,-,9,-,,,,,,,,,,,,,,,,,,,,,,,,,,,,,,,,,,,,,,,,,,-,-,-
Table 47,Q5. Trust in the sources for information/news about Coronavirus used in last week: RTÉ,ONLINE Fieldwork: 4th to 6th December 2020,Weighted base,9**,6**,3**,1**,1**,1**,3**,3**,3**,1**,4**,1**,-**,-**,-**,-**,-**,-**,-**,-**,-**,-**,-**,9**,-**,,,,,,,,,,,,,,,,,,,,,,,,,,,,,,,,,,,,,,,,,,-**,-**,-**
Table 47,Q5. Trust in the sources for information/news about Coronavirus used in last week: RTÉ,ONLINE Fieldwork: 4th to 6th December 2020,NET: Trust,9,6,3,1,1,1,3,3,3,1,4,1,-,-,-,-,-,-,-,-,-,-,-,9,-,,,,,,,,,,,,,,,,,,,,,,,,,,,,,,,,,,,,,,,,,,-,-,-
Table 47,Q5. Trust in the sources for information/news about Coronavirus used in last week: RTÉ,ONLINE Fieldwork: 4th to 6th December 2020,5 - Trust completely,2,2,-,1,-,1,-,1,1,-,1,-,-,-,-,-,-,-,-,-,-,-,-,2,-,,,,,,,,,,,,,,,,,,,,,,,,,,,,,,,,,,,,,,,,,,-,-,-
Table 47,Q5. Trust in the sources for information/news about Coronavirus used in last week: RTÉ,ONLINE Fieldwork: 4th to 6th December 2020,4,7,4,3,-,1,-,3,3,2,1,3,1,-,-,-,-,-,-,-,-,-,-,-,7,-,,,,,,,,,,,,,,,,,,,,,,,,,,,,,,,,,,,,,,,,,,-,-,-
Table 47,Q5. Trust in the sources for information/news about Coronavirus used in last week: RTÉ,ONLINE Fieldwork: 4th to 6th December 2020,3,-,-,-,-,-,-,-,-,-,-,-,-,-,-,-,-,-,-,-,-,-,-,-,-,-,,,,,,,,,,,,,,,,,,,,,,,,,,,,,,,,,,,,,,,,,,-,-,-
Table 47,Q5. Trust in the sources for information/news about Coronavirus used in last week: RTÉ,ONLINE Fieldwork: 4th to 6th December 2020,2,-,-,-,-,-,-,-,-,-,-,-,-,-,-,-,-,-,-,-,-,-,-,-,-,-,,,,,,,,,,,,,,,,,,,,,,,,,,,,,,,,,,,,,,,,,,-,-,-
Table 47,Q5. Trust in the sources for information/news about Coronavirus used in last week: RTÉ,ONLINE Fieldwork: 4th to 6th December 2020,1 - Do not trust at all,-,-,-,-,-,-,-,-,-,-,-,-,-,-,-,-,-,-,-,-,-,-,-,-,-,,,,,,,,,,,,,,,,,,,,,,,,,,,,,,,,,,,,,,,,,,-,-,-
Table 47,Q5. Trust in the sources for information/news about Coronavirus used in last week: RTÉ,ONLINE Fieldwork: 4th to 6th December 2020,NET: Do not trust,-,-,-,-,-,-,-,-,-,-,-,-,-,-,-,-,-,-,-,-,-,-,-,-,-,,,,,,,,,,,,,,,,,,,,,,,,,,,,,,,,,,,,,,,,,,-,-,-
Table 47,Q5. Trust in the sources for information/news about Coronavirus used in last week: RTÉ,ONLINE Fieldwork: 4th to 6th December 2020,Mean,4.23,4.35,4,5,4,5,4,4.19,4.41,4,4.21,4,-,-,-,-,-,-,-,-,-,-,-,4.23,-,,,,,,,,,,,,,,,,,,,,,,,,,,,,,,,,,,,,,,,,,,-,-,-
Table 47,Q5. Trust in the sources for information/news about Coronavirus used in last week: RTÉ,ONLINE Fieldwork: 4th to 6th December 2020,Standard deviation Standard error,0.45,0.53,0,-,-,-,0,0.47,0.61,-,0.48,-,-,-,-,-,-,-,-,-,-,-,-,0.45,-,,,,,,,,,,,,,,,,,,,,,,,,,,,,,,,,,,,,,,,,,,-,-,-
Table 44,Q5. Trust in the sources for information/news about Coronavirus used in last week: RTÉ,ONLINE Fieldwork: 19th to 21st June 2020,Unweighted base,8,5,3,1,1,2,2,2,3,2,2,1,,,,,,,,,,,,,,,,,,,,,,,,,,,,,,,,,,,,,,,,,,,,,,,,,,,,,,,,,
Table 44,Q5. Trust in the sources for information/news about Coronavirus used in last week: RTÉ,ONLINE Fieldwork: 19th to 21st June 2020,Weighted base,6**,4**,2**,1**,1**,1**,2**,1**,2**,2**,2**,1**,,,,,,,,,,,,,,,,,,,,,,,,,,,,,,,,,,,,,,,,,,,,,,,,,,,,,,,,,
Table 44,Q5. Trust in the sources for information/news about Coronavirus used in last week: RTÉ,ONLINE Fieldwork: 19th to 21st June 2020,NET: Trust,5,3,2,1,-,1,2,1,2,2,2,-,,,,,,,,,,,,,,,,,,,,,,,,,,,,,,,,,,,,,,,,,,,,,,,,,,,,,,,,,
Table 44,Q5. Trust in the sources for information/news about Coronavirus used in last week: RTÉ,ONLINE Fieldwork: 19th to 21st June 2020,5 - Trust completely,2,2,-,-,-,-,1,1,1,-,1,-,,,,,,,,,,,,,,,,,,,,,,,,,,,,,,,,,,,,,,,,,,,,,,,,,,,,,,,,,
Table 44,Q5. Trust in the sources for information/news about Coronavirus used in last week: RTÉ,ONLINE Fieldwork: 19th to 21st June 2020,4,4,1,2,1,-,1,1,1,1,2,1,-,,,,,,,,,,,,,,,,,,,,,,,,,,,,,,,,,,,,,,,,,,,,,,,,,,,,,,,,,
Table 44,Q5. Trust in the sources for information/news about Coronavirus used in last week: RTÉ,ONLINE Fieldwork: 19th to 21st June 2020,3,1,1,-,-,1,-,-,-,-,-,-,1,,,,,,,,,,,,,,,,,,,,,,,,,,,,,,,,,,,,,,,,,,,,,,,,,,,,,,,,,
Table 44,Q5. Trust in the sources for information/news about Coronavirus used in last week: RTÉ,ONLINE Fieldwork: 19th to 21st June 2020,2,-,-,-,-,-,-,-,-,-,-,-,-,,,,,,,,,,,,,,,,,,,,,,,,,,,,,,,,,,,,,,,,,,,,,,,,,,,,,,,,,
Table 44,Q5. Trust in the sources for information/news about Coronavirus used in last week: RTÉ,ONLINE Fieldwork: 19th to 21st June 2020,1 - Do not trust at all,-,-,-,-,-,-,-,-,-,-,-,-,,,,,,,,,,,,,,,,,,,,,,,,,,,,,,,,,,,,,,,,,,,,,,,,,,,,,,,,,
Table 44,Q5. Trust in the sources for information/news about Coronavirus used in last week: RTÉ,ONLINE Fieldwork: 19th to 21st June 2020,NET: Do not trust,-,-,-,-,-,-,-,-,-,-,-,-,,,,,,,,,,,,,,,,,,,,,,,,,,,,,,,,,,,,,,,,,,,,,,,,,,,,,,,,,
Table 44,Q5. Trust in the sources for information/news about Coronavirus used in last week: RTÉ,ONLINE Fieldwork: 19th to 21st June 2020,Mean,4.21,4.33,4,4,3,4,4.61,4.46,4.3,4,4.62,3,,,,,,,,,,,,,,,,,,,,,,,,,,,,,,,,,,,,,,,,,,,,,,,,,,,,,,,,,
Table 44,Q5. Trust in the sources for information/news about Coronavirus used in last week: RTÉ,ONLINE Fieldwork: 19th to 21st June 2020,Standard deviation Standard error,0.66,0.85,0,-,-,-,0.66,-,-,-,0.66,-,,,,,,,,,,,,,,,,,,,,,,,,,,,,,,,,,,,,,,,,,,,,,,,,,,,,,,,,,
Table 47,Q5. Trust in the sources for information/news about Coronavirus used in last week: RTÉ,ONLINE Fieldwork: 15th to 17th January 2021,Unweighted base,7,4,3,-,1,2,3,1,4,2,1,-,-,-,-,-,-,-,-,-,-,-,-,7,-,,,,,,,,,,,,,,,,,,,,,,,,,,,,,,,,,,,,,,,,,,,,
Table 47,Q5. Trust in the sources for information/news about Coronavirus used in last week: RTÉ,ONLINE Fieldwork: 15th to 17th January 2021,Weighted base,8**,6**,2**,-**,1**,3**,3**,1**,5**,3**,1**,-**,-**,-**,-**,-**,-**,-**,-**,-**,-**,-**,-**,8**,-**,,,,,,,,,,,,,,,,,,,,,,,,,,,,,,,,,,,,,,,,,,,,
Table 47,Q5. Trust in the sources for information/news about Coronavirus used in last week: RTÉ,ONLINE Fieldwork: 15th to 17th January 2021,NET: Trust,8,6,2,-,1,3,3,1,5,3,1,-,-,-,-,-,-,-,-,-,-,-,-,8,-,,,,,,,,,,,,,,,,,,,,,,,,,,,,,,,,,,,,,,,,,,,,
Table 47,Q5. Trust in the sources for information/news about Coronavirus used in last week: RTÉ,ONLINE Fieldwork: 15th to 17th January 2021,5 - Trust completely,4,2,2,-,-,2,1,1,3,-,1,-,-,-,-,-,-,-,-,-,-,-,-,4,-,,,,,,,,,,,,,,,,,,,,,,,,,,,,,,,,,,,,,,,,,,,,
Table 47,Q5. Trust in the sources for information/news about Coronavirus used in last week: RTÉ,ONLINE Fieldwork: 15th to 17th January 2021,4,4,4,-,-,1,2,1,-,1,3,-,-,-,-,-,-,-,-,-,-,-,-,-,4,-,,,,,,,,,,,,,,,,,,,,,,,,,,,,,,,,,,,,,,,,,,,,
Table 47,Q5. Trust in the sources for information/news about Coronavirus used in last week: RTÉ,ONLINE Fieldwork: 15th to 17th January 2021,3,-,-,-,-,-,-,-,-,-,-,-,-,-,-,-,-,-,-,-,-,-,-,-,-,-,,,,,,,,,,,,,,,,,,,,,,,,,,,,,,,,,,,,,,,,,,,,
Table 47,Q5. Trust in the sources for information/news about Coronavirus used in last week: RTÉ,ONLINE Fieldwork: 15th to 17th January 2021,2,-,-,-,-,-,-,-,-,-,-,-,-,-,-,-,-,-,-,-,-,-,-,-,-,-,,,,,,,,,,,,,,,,,,,,,,,,,,,,,,,,,,,,,,,,,,,,
Table 47,Q5. Trust in the sources for information/news about Coronavirus used in last week: RTÉ,ONLINE Fieldwork: 15th to 17th January 2021,1 - Do not trust at all,-,-,-,-,-,-,-,-,-,-,-,-,-,-,-,-,-,-,-,-,-,-,-,-,-,,,,,,,,,,,,,,,,,,,,,,,,,,,,,,,,,,,,,,,,,,,,
Table 47,Q5. Trust in the sources for information/news about Coronavirus used in last week: RTÉ,ONLINE Fieldwork: 15th to 17th January 2021,NET: Do not trust,-,-,-,-,-,-,-,-,-,-,-,-,-,-,-,-,-,-,-,-,-,-,-,-,-,,,,,,,,,,,,,,,,,,,,,,,,,,,,,,,,,,,,,,,,,,,,
Table 47,Q5. Trust in the sources for information/news about Coronavirus used in last week: RTÉ,ONLINE Fieldwork: 15th to 17th January 2021,Mean,4.49,4.29,5,-,4,4.5,4.5,5,4.68,4,5,-,-,-,-,-,-,-,-,-,-,-,-,4.49,-,,,,,,,,,,,,,,,,,,,,,,,,,,,,,,,,,,,,,,,,,,,,
Table 47,Q5. Trust in the sources for information/news about Coronavirus used in last week: RTÉ,ONLINE Fieldwork: 15th to 17th January 2021,Standard deviation Standard error,0.53,0.5,*,-,-,0.6,0.62,-,0.53,0,-,-,-,-,-,-,-,-,-,-,-,-,-,0.53,-,,,,,,,,,,,,,,,,,,,,,,,,,,,,,,,,,,,,,,,,,,,,
Table 47,Q5. Trust in the sources for information/news about Coronavirus used in last week: RTÉ,ONLINE Fieldwork: 12th to 14th February 2021,Unweighted base,3,2,1,1,-,1,-,1,1,1,1,-,-,-,-,-,-,-,-,-,-,-,-,3,-,,,,,,,,,,,,,,,,,,,,,,,,,,,,,,,,,,,,,,,,,,,,
Table 47,Q5. Trust in the sources for information/news about Coronavirus used in last week: RTÉ,ONLINE Fieldwork: 12th to 14th February 2021,Weighted base,4**,2**,2**,1**,-**,2**,-**,1**,1**,2**,1**,-**,-**,-**,-**,-**,-**,-**,-**,-**,-**,-**,-**,4**,-**,,,,,,,,,,,,,,,,,,,,,,,,,,,,,,,,,,,,,,,,,,,,
Table 47,Q5. Trust in the sources for information/news about Coronavirus used in last week: RTÉ,ONLINE Fieldwork: 12th to 14th February 2021,NET: Trust,2,2,-,1,-,-,-,1,1,-,1,-,-,-,-,-,-,-,-,-,-,-,-,2,-,,,,,,,,,,,,,,,,,,,,,,,,,,,,,,,,,,,,,,,,,,,,
Table 47,Q5. Trust in the sources for information/news about Coronavirus used in last week: RTÉ,ONLINE Fieldwork: 12th to 14th February 2021,5 - Trust completely,-,-,-,-,-,-,-,-,-,-,-,-,-,-,-,-,-,-,-,-,-,-,-,-,-,,,,,,,,,,,,,,,,,,,,,,,,,,,,,,,,,,,,,,,,,,,,
Table 47,Q5. Trust in the sources for information/news about Coronavirus used in last week: RTÉ,ONLINE Fieldwork: 12th to 14th February 2021,4,2,2,-,1,-,-,-,1,1,-,1,-,-,-,-,-,-,-,-,-,-,-,-,2,-,,,,,,,,,,,,,,,,,,,,,,,,,,,,,,,,,,,,,,,,,,,,
Table 47,Q5. Trust in the sources for information/news about Coronavirus used in last week: RTÉ,ONLINE Fieldwork: 12th to 14th February 2021,3,2,-,2,-,-,2,-,-,-,2,-,-,-,-,-,-,-,-,-,-,-,-,-,2,-,,,,,,,,,,,,,,,,,,,,,,,,,,,,,,,,,,,,,,,,,,,,
Table 47,Q5. Trust in the sources for information/news about Coronavirus used in last week: RTÉ,ONLINE Fieldwork: 12th to 14th February 2021,2,-,-,-,-,-,-,-,-,-,-,-,-,-,-,-,-,-,-,-,-,-,-,-,-,-,,,,,,,,,,,,,,,,,,,,,,,,,,,,,,,,,,,,,,,,,,,,
Table 47,Q5. Trust in the sources for information/news about Coronavirus used in last week: RTÉ,ONLINE Fieldwork: 12th to 14th February 2021,1 - Do not trust at all,-,-,-,-,-,-,-,-,-,-,-,-,-,-,-,-,-,-,-,-,-,-,-,-,-,,,,,,,,,,,,,,,,,,,,,,,,,,,,,,,,,,,,,,,,,,,,
Table 47,Q5. Trust in the sources for information/news about Coronavirus used in last week: RTÉ,ONLINE Fieldwork: 12th to 14th February 2021,NET: Do not trust,-,-,-,-,-,-,-,-,-,-,-,-,-,-,-,-,-,-,-,-,-,-,-,-,-,,,,,,,,,,,,,,,,,,,,,,,,,,,,,,,,,,,,,,,,,,,,
Table 47,Q5. Trust in the sources for information/news about Coronavirus used in last week: RTÉ,ONLINE Fieldwork: 12th to 14th February 2021,Mean,3.55,4,3,4,-,3,-,4,4,3,4,-,-,-,-,-,-,-,-,-,-,-,-,3.55,-,,,,,,,,,,,,,,,,,,,,,,,,,,,,,,,,,,,,,,,,,,,,
Table 47,Q5. Trust in the sources for information/news about Coronavirus used in last week: RTÉ,ONLINE Fieldwork: 12th to 14th February 2021,Standard deviation Standard error,0.58,0,-,-,-,-,-,-,-,-,-,-,-,-,-,-,-,-,-,-,-,-,-,0.58,-,,,,,,,,,,,,,,,,,,,,,,,,,,,,,,,,,,,,,,,,,,,,
Table 46,Q5. Trust in the sources for information/news about Coronavirus used in last week: RTÉ,ONLINE Fieldwork: 7th to 9th August 2020,Unweighted base,7,2,5,1,-,2,2,2,5,-,-,2,,,,,,,,,,,,,,,,,,,,,,,,,,,,,,,,,,,,,,,,,,,,,,,,,,,,,,,,,
Table 46,Q5. Trust in the sources for information/news about Coronavirus used in last week: RTÉ,ONLINE Fieldwork: 7th to 9th August 2020,Weighted base,8**,3**,5**,1**,-**,2**,2**,3**,6**,-**,-**,2**,,,,,,,,,,,,,,,,,,,,,,,,,,,,,,,,,,,,,,,,,,,,,,,,,,,,,,,,,
Table 46,Q5. Trust in the sources for information/news about Coronavirus used in last week: RTÉ,ONLINE Fieldwork: 7th to 9th August 2020,NET: Trust,7,3,4,1,-,1,2,3,4,-,-,2,,,,,,,,,,,,,,,,,,,,,,,,,,,,,,,,,,,,,,,,,,,,,,,,,,,,,,,,,
Table 46,Q5. Trust in the sources for information/news about Coronavirus used in last week: RTÉ,ONLINE Fieldwork: 7th to 9th August 2020,5 - Trust completely,1,-,1,-,-,-,1,-,1,-,-,-,,,,,,,,,,,,,,,,,,,,,,,,,,,,,,,,,,,,,,,,,,,,,,,,,,,,,,,,,
Table 46,Q5. Trust in the sources for information/news about Coronavirus used in last week: RTÉ,ONLINE Fieldwork: 7th to 9th August 2020,4,5,3,3,1,-,1,1,3,3,-,-,2,,,,,,,,,,,,,,,,,,,,,,,,,,,,,,,,,,,,,,,,,,,,,,,,,,,,,,,,,
Table 46,Q5. Trust in the sources for information/news about Coronavirus used in last week: RTÉ,ONLINE Fieldwork: 7th to 9th August 2020,3,1,-,1,-,-,1,-,-,1,-,-,-,,,,,,,,,,,,,,,,,,,,,,,,,,,,,,,,,,,,,,,,,,,,,,,,,,,,,,,,,
Table 46,Q5. Trust in the sources for information/news about Coronavirus used in last week: RTÉ,ONLINE Fieldwork: 7th to 9th August 2020,2,-,-,-,-,-,-,-,-,-,-,-,-,,,,,,,,,,,,,,,,,,,,,,,,,,,,,,,,,,,,,,,,,,,,,,,,,,,,,,,,,
Table 46,Q5. Trust in the sources for information/news about Coronavirus used in last week: RTÉ,ONLINE Fieldwork: 7th to 9th August 2020,1 - Do not trust at all,-,-,-,-,-,-,-,-,-,-,-,-,,,,,,,,,,,,,,,,,,,,,,,,,,,,,,,,,,,,,,,,,,,,,,,,,,,,,,,,,
Table 46,Q5. Trust in the sources for information/news about Coronavirus used in last week: RTÉ,ONLINE Fieldwork: 7th to 9th August 2020,NET: Do not trust,-,-,-,-,-,-,-,-,-,-,-,-,,,,,,,,,,,,,,,,,,,,,,,,,,,,,,,,,,,,,,,,,,,,,,,,,,,,,,,,,
Table 46,Q5. Trust in the sources for information/news about Coronavirus used in last week: RTÉ,ONLINE Fieldwork: 7th to 9th August 2020,Mean,4,4,4.01,4,-,3.35,4.57,4,4.01,-,-,4,,,,,,,,,,,,,,,,,,,,,,,,,,,,,,,,,,,,,,,,,,,,,,,,,,,,,,,,,
Table 46,Q5. Trust in the sources for information/news about Coronavirus used in last week: RTÉ,ONLINE Fieldwork: 7th to 9th August 2020,Standard deviation Standard error,0.62,0,0.79,-,-,0.67,0.66,0,0.74,-,-,0,,,,,,,,,,,,,,,,,,,,,,,,,,,,,,,,,,,,,,,,,,,,,,,,,,,,,,,,,
Table 47,Q5. Trust in the sources for information/news about Coronavirus used in last week: RTÉ,ONLINE Fieldwork: 9th to 11th October 2020,Unweighted base,5,3,2,-,1,1,1,2,3,2,-,-,-,-,-,-,-,-,-,-,-,-,-,5,-,,,,,,,,,,,,,,,,,,,,,,,,,,,,,,,,,,,,,,,,,,,,
Table 47,Q5. Trust in the sources for information/news about Coronavirus used in last week: RTÉ,ONLINE Fieldwork: 9th to 11th October 2020,Weighted base,4**,3**,2**,-**,1**,1**,1**,2**,3**,2**,-**,-**,-**,-**,-**,-**,-**,-**,-**,-**,-**,-**,-**,4**,-**,,,,,,,,,,,,,,,,,,,,,,,,,,,,,,,,,,,,,,,,,,,,
Table 47,Q5. Trust in the sources for information/news about Coronavirus used in last week: RTÉ,ONLINE Fieldwork: 9th to 11th October 2020,NET: Trust,2,2,-,-,-,1,1,-,1,1,-,-,-,-,-,-,-,-,-,-,-,-,-,2,-,,,,,,,,,,,,,,,,,,,,,,,,,,,,,,,,,,,,,,,,,,,,
Table 47,Q5. Trust in the sources for information/news about Coronavirus used in last week: RTÉ,ONLINE Fieldwork: 9th to 11th October 2020,5 - Trust completely,-,-,-,-,-,-,-,-,-,-,-,-,-,-,-,-,-,-,-,-,-,-,-,-,-,,,,,,,,,,,,,,,,,,,,,,,,,,,,,,,,,,,,,,,,,,,,
Table 47,Q5. Trust in the sources for information/news about Coronavirus used in last week: RTÉ,ONLINE Fieldwork: 9th to 11th October 2020,4,2,2,-,-,-,1,1,-,1,1,-,-,-,-,-,-,-,-,-,-,-,-,-,2,-,,,,,,,,,,,,,,,,,,,,,,,,,,,,,,,,,,,,,,,,,,,,
Table 47,Q5. Trust in the sources for information/news about Coronavirus used in last week: RTÉ,ONLINE Fieldwork: 9th to 11th October 2020,3,3,1,2,-,1,-,-,2,2,1,-,-,-,-,-,-,-,-,-,-,-,-,-,3,-,,,,,,,,,,,,,,,,,,,,,,,,,,,,,,,,,,,,,,,,,,,,
Table 47,Q5. Trust in the sources for information/news about Coronavirus used in last week: RTÉ,ONLINE Fieldwork: 9th to 11th October 2020,2,-,-,-,-,-,-,-,-,-,-,-,-,-,-,-,-,-,-,-,-,-,-,-,-,-,,,,,,,,,,,,,,,,,,,,,,,,,,,,,,,,,,,,,,,,,,,,
Table 47,Q5. Trust in the sources for information/news about Coronavirus used in last week: RTÉ,ONLINE Fieldwork: 9th to 11th October 2020,1 - Do not trust at all,-,-,-,-,-,-,-,-,-,-,-,-,-,-,-,-,-,-,-,-,-,-,-,-,-,,,,,,,,,,,,,,,,,,,,,,,,,,,,,,,,,,,,,,,,,,,,
Table 47,Q5. Trust in the sources for information/news about Coronavirus used in last week: RTÉ,ONLINE Fieldwork: 9th to 11th October 2020,NET: Do not trust,-,-,-,-,-,-,-,-,-,-,-,-,-,-,-,-,-,-,-,-,-,-,-,-,-,,,,,,,,,,,,,,,,,,,,,,,,,,,,,,,,,,,,,,,,,,,,
Table 47,Q5. Trust in the sources for information/news about Coronavirus used in last week: RTÉ,ONLINE Fieldwork: 9th to 11th October 2020,Mean,3.37,3.64,3,-,3,4,4,3,3.29,3.48,-,-,-,-,-,-,-,-,-,-,-,-,-,3.37,-,,,,,,,,,,,,,,,,,,,,,,,,,,,,,,,,,,,,,,,,,,,,
Table 47,Q5. Trust in the sources for information/news about Coronavirus used in last week: RTÉ,ONLINE Fieldwork: 9th to 11th October 2020,Standard deviation Standard error,0.55,0.62,-,-,-,-,-,-,0.57,-,-,-,-,-,-,-,-,-,-,-,-,-,-,0.55,-,,,,,,,,,,,,,,,,,,,,,,,,,,,,,,,,,,,,,,,,,,,,
