table,question,date,response,I find it hard to know what is true and what is false about Coronavirus,I am trying to avoid news about Coronavirus,The mainstream media is exaggerating the seriousness of Coronavirus,"This crisis is showing some positive sides of society (e.g. more local/community spirit, support for NHS)",I am confused about what I should be doing in response to Coronavirus,I feel confident that I understand the statistics and data used to provide the number of Coronavirus cases and deaths in the UK,I would agree to be vaccinated against the Coronavirus if there was a vaccine approved by the NHS available tomorrow,"On balance, I am comfortable that my child/ children is/are back at school",I am happy to be vaccinated against the Coronavirus,I follow international/ world news about Coronavirus,"On balance, I am happy that my child/ children is/are still able to go to school",I am confident that I understand the different rules that apply in each tier,I am confident that I understand the different rules that apply in each protection level,I intend to form a 'Christmas bubble' between 23-27 December,"I am confident that I understand the rules around forming a 'Christmas bubble', including who can be part of the bubble and the extra travel dates for Northern Ireland",I would be comfortable to be vaccinated against the Coronavirus if there was a vaccine approved by the NHS available tomorrow
Table 113,Q12. To what extent do you agree or disagree with the following statements? Summary,ONLINE Fieldwork: 11th to 13th September 2020,Unweighted base,2098,2098,2098,2098,2098,2098,2098,536,,,,,,,,
Table 113,Q12. To what extent do you agree or disagree with the following statements? Summary,ONLINE Fieldwork: 11th to 13th September 2020,Weighted base,2098,2098,2098,2098,2098,2098,2098,526,,,,,,,,
Table 113,Q12. To what extent do you agree or disagree with the following statements? Summary,ONLINE Fieldwork: 11th to 13th September 2020,NET: Agree,838,664,523,1456,643,1162,1425,291,,,,,,,,
Table 113,Q12. To what extent do you agree or disagree with the following statements? Summary,ONLINE Fieldwork: 11th to 13th September 2020,Strongly agree      (+2),215,168,168,412,125,331,902,127,,,,,,,,
Table 113,Q12. To what extent do you agree or disagree with the following statements? Summary,ONLINE Fieldwork: 11th to 13th September 2020,Slightly agree      (+1),623,497,355,1044,518,831,523,163,,,,,,,,
Table 113,Q12. To what extent do you agree or disagree with the following statements? Summary,ONLINE Fieldwork: 11th to 13th September 2020,Neither agree nor    (0) disagree,495,563,588,437,457,515,308,130,,,,,,,,
Table 113,Q12. To what extent do you agree or disagree with the following statements? Summary,ONLINE Fieldwork: 11th to 13th September 2020,Slightly disagree   (-1),481,475,435,129,493,315,140,55,,,,,,,,
Table 113,Q12. To what extent do you agree or disagree with the following statements? Summary,ONLINE Fieldwork: 11th to 13th September 2020,Strongly disagree   (-2),284,395,551,76,505,106,224,49,,,,,,,,
Table 113,Q12. To what extent do you agree or disagree with the following statements? Summary,ONLINE Fieldwork: 11th to 13th September 2020,NET: Disagree,765,870,986,205,999,421,364,105,,,,,,,,
Table 113,Q12. To what extent do you agree or disagree with the following statements? Summary,ONLINE Fieldwork: 11th to 13th September 2020,Mean,*,-0.21,-0.4,0.76,-0.35,0.46,0.83,0.5,,,,,,,,
Table 113,Q12. To what extent do you agree or disagree with the following statements? Summary,ONLINE Fieldwork: 11th to 13th September 2020,Standard deviation Standard error,1.22,1.22,1.26,0.96,1.25,1.08,1.33,1.23,,,,,,,,
Table 97,Q12. To what extent do you agree or disagree with the following statements? Summary,ONLINE Fieldwork: 29th to 31st May 2020,Unweighted base,2119,2119,2119,2119,2119,,,,,,,,,,,
Table 97,Q12. To what extent do you agree or disagree with the following statements? Summary,ONLINE Fieldwork: 29th to 31st May 2020,Weighted base,2119,2119,2119,2119,2119,,,,,,,,,,,
Table 97,Q12. To what extent do you agree or disagree with the following statements? Summary,ONLINE Fieldwork: 29th to 31st May 2020,NET: Agree,799,739,490,1675,505,,,,,,,,,,,
Table 97,Q12. To what extent do you agree or disagree with the following statements? Summary,ONLINE Fieldwork: 29th to 31st May 2020,Strongly agree      (+2),173,183,179,633,88,,,,,,,,,,,
Table 97,Q12. To what extent do you agree or disagree with the following statements? Summary,ONLINE Fieldwork: 29th to 31st May 2020,Slightly agree      (+1),626,556,311,1043,417,,,,,,,,,,,
Table 97,Q12. To what extent do you agree or disagree with the following statements? Summary,ONLINE Fieldwork: 29th to 31st May 2020,Neither agree nor    (0) disagree,494,531,499,311,410,,,,,,,,,,,
Table 97,Q12. To what extent do you agree or disagree with the following statements? Summary,ONLINE Fieldwork: 29th to 31st May 2020,Slightly disagree   (-1),513,453,470,92,580,,,,,,,,,,,
Table 97,Q12. To what extent do you agree or disagree with the following statements? Summary,ONLINE Fieldwork: 29th to 31st May 2020,Strongly disagree   (-2),313,396,659,41,624,,,,,,,,,,,
Table 97,Q12. To what extent do you agree or disagree with the following statements? Summary,ONLINE Fieldwork: 29th to 31st May 2020,NET: Disagree,826,849,1129,133,1204,,,,,,,,,,,
Table 97,Q12. To what extent do you agree or disagree with the following statements? Summary,ONLINE Fieldwork: 29th to 31st May 2020,Mean,-0.08,-0.15,-0.53,1.01,-0.58,,,,,,,,,,,
Table 97,Q12. To what extent do you agree or disagree with the following statements? Summary,ONLINE Fieldwork: 29th to 31st May 2020,Standard deviation Standard error,1.2,1.24,1.29,0.89,1.21,,,,,,,,,,,
Table 296,Q12. To what extent do you agree or disagree with the following statements? Summary,ONLINE Fieldwork: 22nd to 24th May 2020,Unweighted base,2093,2093,2093,2093,2093,,,,,,,,,,,
Table 296,Q12. To what extent do you agree or disagree with the following statements? Summary,ONLINE Fieldwork: 22nd to 24th May 2020,Weighted base,2093,2093,2093,2093,2093,,,,,,,,,,,
Table 296,Q12. To what extent do you agree or disagree with the following statements? Summary,ONLINE Fieldwork: 22nd to 24th May 2020,NET: Agree,780,697,443,1670,478,,,,,,,,,,,
Table 296,Q12. To what extent do you agree or disagree with the following statements? Summary,ONLINE Fieldwork: 22nd to 24th May 2020,Strongly agree      (+2),201,170,155,674,91,,,,,,,,,,,
Table 296,Q12. To what extent do you agree or disagree with the following statements? Summary,ONLINE Fieldwork: 22nd to 24th May 2020,Slightly agree      (+1),579,527,289,996,387,,,,,,,,,,,
Table 296,Q12. To what extent do you agree or disagree with the following statements? Summary,ONLINE Fieldwork: 22nd to 24th May 2020,Neither agree nor    (0) disagree,510,555,533,308,418,,,,,,,,,,,
Table 296,Q12. To what extent do you agree or disagree with the following statements? Summary,ONLINE Fieldwork: 22nd to 24th May 2020,Slightly disagree   (-1),515,475,508,74,593,,,,,,,,,,,
Table 296,Q12. To what extent do you agree or disagree with the following statements? Summary,ONLINE Fieldwork: 22nd to 24th May 2020,Strongly disagree   (-2),288,365,608,41,604,,,,,,,,,,,
Table 296,Q12. To what extent do you agree or disagree with the following statements? Summary,ONLINE Fieldwork: 22nd to 24th May 2020,NET: Disagree,803,841,1116,115,1197,,,,,,,,,,,
Table 296,Q12. To what extent do you agree or disagree with the following statements? Summary,ONLINE Fieldwork: 22nd to 24th May 2020,Mean,-0.05,-0.16,-0.54,1.04,-0.59,,,,,,,,,,,
Table 296,Q12. To what extent do you agree or disagree with the following statements? Summary,ONLINE Fieldwork: 22nd to 24th May 2020,Standard deviation Standard error,1.21,1.22,1.25,0.89,1.2,,,,,,,,,,,
Table 129,Q12. To what extent do you agree or disagree with the following statements? Summary,ONLINE Fieldwork: 5th to 11th April 2021,Unweighted base,2121,2121,2121,2121,,2121,,,2121,2121,,,,,,
Table 129,Q12. To what extent do you agree or disagree with the following statements? Summary,ONLINE Fieldwork: 5th to 11th April 2021,Weighted base,2121,2121,2121,2121,,2121,,,2121,2121,,,,,,
Table 129,Q12. To what extent do you agree or disagree with the following statements? Summary,ONLINE Fieldwork: 5th to 11th April 2021,NET: Agree,643,673,437,1469,,1387,,,1733,1287,,,,,,
Table 129,Q12. To what extent do you agree or disagree with the following statements? Summary,ONLINE Fieldwork: 5th to 11th April 2021,Strongly agree      (+2),142,181,144,483,,476,,,1420,410,,,,,,
Table 129,Q12. To what extent do you agree or disagree with the following statements? Summary,ONLINE Fieldwork: 5th to 11th April 2021,Slightly agree      (+1),501,492,293,986,,911,,,314,877,,,,,,
Table 129,Q12. To what extent do you agree or disagree with the following statements? Summary,ONLINE Fieldwork: 5th to 11th April 2021,Neither agree nor    (0) disagree,540,609,573,451,,483,,,200,432,,,,,,
Table 129,Q12. To what extent do you agree or disagree with the following statements? Summary,ONLINE Fieldwork: 5th to 11th April 2021,Slightly disagree   (-1),599,480,540,118,,188,,,66,241,,,,,,
Table 129,Q12. To what extent do you agree or disagree with the following statements? Summary,ONLINE Fieldwork: 5th to 11th April 2021,Strongly disagree   (-2),340,359,571,82,,63,,,122,160,,,,,,
Table 129,Q12. To what extent do you agree or disagree with the following statements? Summary,ONLINE Fieldwork: 5th to 11th April 2021,NET: Disagree,938,839,1112,200,,251,,,188,401,,,,,,
Table 129,Q12. To what extent do you agree or disagree with the following statements? Summary,ONLINE Fieldwork: 5th to 11th April 2021,Mean,-0.23,-0.16,-0.52,0.79,,0.73,,,1.34,0.54,,,,,,
Table 129,Q12. To what extent do you agree or disagree with the following statements? Summary,ONLINE Fieldwork: 5th to 11th April 2021,Standard deviation Standard error,1.17,1.2,1.21,0.98,,1,,,1.14,1.15,,,,,,
Table 97,Q12. To what extent do you agree or disagree with the following statements? Summary,ONLINE Fieldwork: 5th to 7th June 2020,Unweighted base,2126,2126,2126,2126,2126,,,,,,,,,,,
Table 97,Q12. To what extent do you agree or disagree with the following statements? Summary,ONLINE Fieldwork: 5th to 7th June 2020,Weighted base,2126,2126,2126,2126,2126,,,,,,,,,,,
Table 97,Q12. To what extent do you agree or disagree with the following statements? Summary,ONLINE Fieldwork: 5th to 7th June 2020,NET: Agree,875,707,469,1676,523,,,,,,,,,,,
Table 97,Q12. To what extent do you agree or disagree with the following statements? Summary,ONLINE Fieldwork: 5th to 7th June 2020,Strongly agree      (+2),197,159,125,590,87,,,,,,,,,,,
Table 97,Q12. To what extent do you agree or disagree with the following statements? Summary,ONLINE Fieldwork: 5th to 7th June 2020,Slightly agree      (+1),678,549,344,1086,436,,,,,,,,,,,
Table 97,Q12. To what extent do you agree or disagree with the following statements? Summary,ONLINE Fieldwork: 5th to 7th June 2020,Neither agree nor    (0) disagree,510,510,528,324,415,,,,,,,,,,,
Table 97,Q12. To what extent do you agree or disagree with the following statements? Summary,ONLINE Fieldwork: 5th to 7th June 2020,Slightly disagree   (-1),517,517,514,78,652,,,,,,,,,,,
Table 97,Q12. To what extent do you agree or disagree with the following statements? Summary,ONLINE Fieldwork: 5th to 7th June 2020,Strongly disagree   (-2),224,392,616,48,536,,,,,,,,,,,
Table 97,Q12. To what extent do you agree or disagree with the following statements? Summary,ONLINE Fieldwork: 5th to 7th June 2020,NET: Disagree,741,909,1129,126,1188,,,,,,,,,,,
Table 97,Q12. To what extent do you agree or disagree with the following statements? Summary,ONLINE Fieldwork: 5th to 7th June 2020,Mean,0.05,-0.2,-0.54,0.98,-0.52,,,,,,,,,,,
Table 97,Q12. To what extent do you agree or disagree with the following statements? Summary,ONLINE Fieldwork: 5th to 7th June 2020,Standard deviation Standard error,1.16,1.22,1.23,0.88,1.19,,,,,,,,,,,
Table 129,Q12. To what extent do you agree or disagree with the following statements? Summary,ONLINE Fieldwork: 12th to 14th March 2021,Unweighted base,2144,2144,2144,2144,,2144,,,2144,,,,,,,
Table 129,Q12. To what extent do you agree or disagree with the following statements? Summary,ONLINE Fieldwork: 12th to 14th March 2021,Weighted base,2144,2144,2144,2144,,2144,,,2144,,,,,,,
Table 129,Q12. To what extent do you agree or disagree with the following statements? Summary,ONLINE Fieldwork: 12th to 14th March 2021,NET: Agree,577,690,399,1497,,1416,,,1748,,,,,,,
Table 129,Q12. To what extent do you agree or disagree with the following statements? Summary,ONLINE Fieldwork: 12th to 14th March 2021,Strongly agree      (+2),139,174,136,458,,516,,,1486,,,,,,,
Table 129,Q12. To what extent do you agree or disagree with the following statements? Summary,ONLINE Fieldwork: 12th to 14th March 2021,Slightly agree      (+1),438,516,263,1039,,900,,,262,,,,,,,
Table 129,Q12. To what extent do you agree or disagree with the following statements? Summary,ONLINE Fieldwork: 12th to 14th March 2021,Neither agree nor    (0) disagree,553,608,553,459,,463,,,212,,,,,,,
Table 129,Q12. To what extent do you agree or disagree with the following statements? Summary,ONLINE Fieldwork: 12th to 14th March 2021,Slightly disagree   (-1),618,466,518,125,,202,,,92,,,,,,,
Table 129,Q12. To what extent do you agree or disagree with the following statements? Summary,ONLINE Fieldwork: 12th to 14th March 2021,Strongly disagree   (-2),396,381,674,63,,64,,,92,,,,,,,
Table 129,Q12. To what extent do you agree or disagree with the following statements? Summary,ONLINE Fieldwork: 12th to 14th March 2021,NET: Disagree,1014,846,1192,188,,265,,,184,,,,,,,
Table 129,Q12. To what extent do you agree or disagree with the following statements? Summary,ONLINE Fieldwork: 12th to 14th March 2021,Mean,-0.32,-0.17,-0.62,0.79,,0.75,,,1.38,,,,,,,
Table 129,Q12. To what extent do you agree or disagree with the following statements? Summary,ONLINE Fieldwork: 12th to 14th March 2021,Standard deviation Standard error,1.18,1.21,1.22,0.94,,1.02,,,1.1,,,,,,,
Table 115,Q12. To what extent do you agree or disagree with the following statements? Summary,ONLINE Fieldwork: 6th to 8th November 2020,Unweighted base,2101,2101,2101,2101,2101,2101,2101,,,,563,,,,,
Table 115,Q12. To what extent do you agree or disagree with the following statements? Summary,ONLINE Fieldwork: 6th to 8th November 2020,Weighted base,2101,2101,2101,2101,2101,2101,2101,,,,551,,,,,
Table 115,Q12. To what extent do you agree or disagree with the following statements? Summary,ONLINE Fieldwork: 6th to 8th November 2020,NET: Agree,846,648,542,1314,513,1088,1303,,,,346,,,,,
Table 115,Q12. To what extent do you agree or disagree with the following statements? Summary,ONLINE Fieldwork: 6th to 8th November 2020,Strongly agree      (+2),211,159,204,335,88,303,772,,,,169,,,,,
Table 115,Q12. To what extent do you agree or disagree with the following statements? Summary,ONLINE Fieldwork: 6th to 8th November 2020,Slightly agree      (+1),635,489,338,979,425,785,531,,,,178,,,,,
Table 115,Q12. To what extent do you agree or disagree with the following statements? Summary,ONLINE Fieldwork: 6th to 8th November 2020,Neither agree nor    (0) disagree,502,586,583,480,410,536,386,,,,115,,,,,
Table 115,Q12. To what extent do you agree or disagree with the following statements? Summary,ONLINE Fieldwork: 6th to 8th November 2020,Slightly disagree   (-1),463,488,462,217,571,327,151,,,,52,,,,,
Table 115,Q12. To what extent do you agree or disagree with the following statements? Summary,ONLINE Fieldwork: 6th to 8th November 2020,Strongly disagree   (-2),290,378,514,91,607,150,262,,,,38,,,,,
Table 115,Q12. To what extent do you agree or disagree with the following statements? Summary,ONLINE Fieldwork: 6th to 8th November 2020,NET: Disagree,753,867,976,308,1178,477,413,,,,90,,,,,
Table 115,Q12. To what extent do you agree or disagree with the following statements? Summary,ONLINE Fieldwork: 6th to 8th November 2020,Mean,0.01,-0.21,-0.35,0.59,-0.56,0.36,0.67,,,,0.7,,,,,
Table 115,Q12. To what extent do you agree or disagree with the following statements? Summary,ONLINE Fieldwork: 6th to 8th November 2020,Standard deviation Standard error,1.22,1.2,1.27,1.01,1.22,1.12,1.36,,,,1.19,,,,,
Table 97,Q12. To what extent do you agree or disagree with the following statements? Summary,ONLINE Fieldwork: 12th to 15th June 2020,Unweighted base,2115,2115,2115,2115,2115,,,,,,,,,,,
Table 97,Q12. To what extent do you agree or disagree with the following statements? Summary,ONLINE Fieldwork: 12th to 15th June 2020,Weighted base,2115,2115,2115,2115,2115,,,,,,,,,,,
Table 97,Q12. To what extent do you agree or disagree with the following statements? Summary,ONLINE Fieldwork: 12th to 15th June 2020,NET: Agree,899,720,503,1668,511,,,,,,,,,,,
Table 97,Q12. To what extent do you agree or disagree with the following statements? Summary,ONLINE Fieldwork: 12th to 15th June 2020,Strongly agree      (+2),197,165,160,568,103,,,,,,,,,,,
Table 97,Q12. To what extent do you agree or disagree with the following statements? Summary,ONLINE Fieldwork: 12th to 15th June 2020,Slightly agree      (+1),702,555,343,1100,409,,,,,,,,,,,
Table 97,Q12. To what extent do you agree or disagree with the following statements? Summary,ONLINE Fieldwork: 12th to 15th June 2020,Neither agree nor    (0) disagree,488,526,587,323,458,,,,,,,,,,,
Table 97,Q12. To what extent do you agree or disagree with the following statements? Summary,ONLINE Fieldwork: 12th to 15th June 2020,Slightly disagree   (-1),494,511,499,94,593,,,,,,,,,,,
Table 97,Q12. To what extent do you agree or disagree with the following statements? Summary,ONLINE Fieldwork: 12th to 15th June 2020,Strongly disagree   (-2),234,358,526,30,553,,,,,,,,,,,
Table 97,Q12. To what extent do you agree or disagree with the following statements? Summary,ONLINE Fieldwork: 12th to 15th June 2020,NET: Disagree,728,869,1025,124,1145,,,,,,,,,,,
Table 97,Q12. To what extent do you agree or disagree with the following statements? Summary,ONLINE Fieldwork: 12th to 15th June 2020,Mean,0.06,-0.16,-0.42,0.98,-0.51,,,,,,,,,,,
Table 97,Q12. To what extent do you agree or disagree with the following statements? Summary,ONLINE Fieldwork: 12th to 15th June 2020,Standard deviation Standard error,1.17,1.21,1.23,0.85,1.2,,,,,,,,,,,
Table 129,Q12. To what extent do you agree or disagree with the following statements? Summary,ONLINE Fieldwork: 4th to 6th June 2021,Unweighted base,2135,2135,2135,2135,,2135,,,2135,2135,,,,,,
Table 129,Q12. To what extent do you agree or disagree with the following statements? Summary,ONLINE Fieldwork: 4th to 6th June 2021,Weighted base,2135,2135,2135,2135,,2135,,,2135,2135,,,,,,
Table 129,Q12. To what extent do you agree or disagree with the following statements? Summary,ONLINE Fieldwork: 4th to 6th June 2021,NET: Agree,665,647,442,1455,,1380,,,1789,1331,,,,,,
Table 129,Q12. To what extent do you agree or disagree with the following statements? Summary,ONLINE Fieldwork: 4th to 6th June 2021,Strongly agree      (+2),166,180,143,364,,443,,,1533,407,,,,,,
Table 129,Q12. To what extent do you agree or disagree with the following statements? Summary,ONLINE Fieldwork: 4th to 6th June 2021,Slightly agree      (+1),499,467,299,1091,,937,,,256,924,,,,,,
Table 129,Q12. To what extent do you agree or disagree with the following statements? Summary,ONLINE Fieldwork: 4th to 6th June 2021,Neither agree nor    (0) disagree,601,613,594,465,,507,,,165,442,,,,,,
Table 129,Q12. To what extent do you agree or disagree with the following statements? Summary,ONLINE Fieldwork: 4th to 6th June 2021,Slightly disagree   (-1),555,490,535,135,,178,,,65,237,,,,,,
Table 129,Q12. To what extent do you agree or disagree with the following statements? Summary,ONLINE Fieldwork: 4th to 6th June 2021,Strongly disagree   (-2),314,384,564,80,,70,,,116,125,,,,,,
Table 129,Q12. To what extent do you agree or disagree with the following statements? Summary,ONLINE Fieldwork: 4th to 6th June 2021,NET: Disagree,869,874,1099,214,,248,,,181,362,,,,,,
Table 129,Q12. To what extent do you agree or disagree with the following statements? Summary,ONLINE Fieldwork: 4th to 6th June 2021,Mean,-0.16,-0.2,-0.51,0.71,,0.7,,,1.42,0.59,,,,,,
Table 129,Q12. To what extent do you agree or disagree with the following statements? Summary,ONLINE Fieldwork: 4th to 6th June 2021,Standard deviation Standard error,1.17,1.21,1.21,0.95,,0.99,,,1.11,1.09,,,,,,
Table 117,Q12. To what extent do you agree or disagree with the following statements? Summary,ONLINE Fieldwork: 4th to 6th December 2020,Unweighted base,2107,2107,2107,2107,2107,2107,,,2107,,532,1751,184,2107,2107,
Table 117,Q12. To what extent do you agree or disagree with the following statements? Summary,ONLINE Fieldwork: 4th to 6th December 2020,Weighted base,2107,2107,2107,2107,2107,2107,,,2107,,524,1768,176,2107,2107,
Table 117,Q12. To what extent do you agree or disagree with the following statements? Summary,ONLINE Fieldwork: 4th to 6th December 2020,NET: Agree,660,628,472,1356,394,1212,,,1393,,332,1149,104,1029,1377,
Table 117,Q12. To what extent do you agree or disagree with the following statements? Summary,ONLINE Fieldwork: 4th to 6th December 2020,Strongly agree      (+2),166,163,158,416,85,341,,,957,,184,388,35,576,623,
Table 117,Q12. To what extent do you agree or disagree with the following statements? Summary,ONLINE Fieldwork: 4th to 6th December 2020,Slightly agree      (+1),494,464,314,940,310,871,,,436,,147,761,69,454,754,
Table 117,Q12. To what extent do you agree or disagree with the following statements? Summary,ONLINE Fieldwork: 4th to 6th December 2020,Neither agree nor    (0) disagree,532,591,579,510,470,529,,,398,,126,321,31,461,399,
Table 117,Q12. To what extent do you agree or disagree with the following statements? Summary,ONLINE Fieldwork: 4th to 6th December 2020,Slightly disagree   (-1),588,490,465,164,605,276,,,142,,39,209,29,232,232,
Table 117,Q12. To what extent do you agree or disagree with the following statements? Summary,ONLINE Fieldwork: 4th to 6th December 2020,Strongly disagree   (-2),327,398,591,77,638,90,,,173,,27,90,12,385,98,
Table 117,Q12. To what extent do you agree or disagree with the following statements? Summary,ONLINE Fieldwork: 4th to 6th December 2020,NET: Disagree,915,888,1056,242,1243,366,,,316,,66,299,41,617,331,
Table 117,Q12. To what extent do you agree or disagree with the following statements? Summary,ONLINE Fieldwork: 4th to 6th December 2020,Mean,-0.2,-0.23,-0.48,0.69,-0.67,0.52,,,0.88,,0.81,0.65,0.49,0.29,0.75,
Table 117,Q12. To what extent do you agree or disagree with the following statements? Summary,ONLINE Fieldwork: 4th to 6th December 2020,Standard deviation Standard error,1.19,1.21,1.25,0.99,1.17,1.05,,,1.28,,1.15,1.1,1.18,1.44,1.13,
Table 106,Q12. To what extent do you agree or disagree with the following statements? Summary,ONLINE Fieldwork: 19th to 21st June 2020,Unweighted base,2164,2164,2164,2164,2164,,,,,,,,,,,
Table 106,Q12. To what extent do you agree or disagree with the following statements? Summary,ONLINE Fieldwork: 19th to 21st June 2020,Weighted base,2164,2164,2164,2164,2164,,,,,,,,,,,
Table 106,Q12. To what extent do you agree or disagree with the following statements? Summary,ONLINE Fieldwork: 19th to 21st June 2020,NET: Agree,697,686,473,1717,446,,,,,,,,,,,
Table 106,Q12. To what extent do you agree or disagree with the following statements? Summary,ONLINE Fieldwork: 19th to 21st June 2020,Strongly agree      (+2),145,168,141,585,78,,,,,,,,,,,
Table 106,Q12. To what extent do you agree or disagree with the following statements? Summary,ONLINE Fieldwork: 19th to 21st June 2020,Slightly agree      (+1),552,518,332,1132,368,,,,,,,,,,,
Table 106,Q12. To what extent do you agree or disagree with the following statements? Summary,ONLINE Fieldwork: 19th to 21st June 2020,Neither agree nor    (0) disagree,555,548,573,315,434,,,,,,,,,,,
Table 106,Q12. To what extent do you agree or disagree with the following statements? Summary,ONLINE Fieldwork: 19th to 21st June 2020,Slightly disagree   (-1),603,533,539,84,659,,,,,,,,,,,
Table 106,Q12. To what extent do you agree or disagree with the following statements? Summary,ONLINE Fieldwork: 19th to 21st June 2020,Strongly disagree   (-2),310,398,579,48,625,,,,,,,,,,,
Table 106,Q12. To what extent do you agree or disagree with the following statements? Summary,ONLINE Fieldwork: 19th to 21st June 2020,NET: Disagree,912,931,1118,132,1285,,,,,,,,,,,
Table 106,Q12. To what extent do you agree or disagree with the following statements? Summary,ONLINE Fieldwork: 19th to 21st June 2020,Mean,-0.18,-0.22,-0.5,0.98,-0.64,,,,,,,,,,,
Table 106,Q12. To what extent do you agree or disagree with the following statements? Summary,ONLINE Fieldwork: 19th to 21st June 2020,Standard deviation Standard error,1.16,1.22,1.22,0.88,1.17,,,,,,,,,,,
Table 121,Q12. To what extent do you agree or disagree with the following statements? Summary,ONLINE Fieldwork: 15th to 17th January 2021,Unweighted base,2115,2115,2115,2115,2115,2115,,,2115,,,,,,,
Table 121,Q12. To what extent do you agree or disagree with the following statements? Summary,ONLINE Fieldwork: 15th to 17th January 2021,Weighted base,2115,2115,2115,2115,2115,2115,,,2115,,,,,,,
Table 121,Q12. To what extent do you agree or disagree with the following statements? Summary,ONLINE Fieldwork: 15th to 17th January 2021,NET: Agree,584,672,360,1374,354,1287,,,1564,,,,,,,
Table 121,Q12. To what extent do you agree or disagree with the following statements? Summary,ONLINE Fieldwork: 15th to 17th January 2021,Strongly agree      (+2),154,193,121,389,92,457,,,1212,,,,,,,
Table 121,Q12. To what extent do you agree or disagree with the following statements? Summary,ONLINE Fieldwork: 15th to 17th January 2021,Slightly agree      (+1),430,479,239,985,262,830,,,352,,,,,,,
Table 121,Q12. To what extent do you agree or disagree with the following statements? Summary,ONLINE Fieldwork: 15th to 17th January 2021,Neither agree nor    (0) disagree,566,618,570,517,437,542,,,308,,,,,,,
Table 121,Q12. To what extent do you agree or disagree with the following statements? Summary,ONLINE Fieldwork: 15th to 17th January 2021,Slightly disagree   (-1),511,437,420,137,552,191,,,102,,,,,,,
Table 121,Q12. To what extent do you agree or disagree with the following statements? Summary,ONLINE Fieldwork: 15th to 17th January 2021,Strongly disagree   (-2),453,388,765,86,773,94,,,141,,,,,,,
Table 121,Q12. To what extent do you agree or disagree with the following statements? Summary,ONLINE Fieldwork: 15th to 17th January 2021,NET: Disagree,965,825,1185,224,1324,285,,,243,,,,,,,
Table 121,Q12. To what extent do you agree or disagree with the following statements? Summary,ONLINE Fieldwork: 15th to 17th January 2021,Mean,-0.32,-0.16,-0.69,0.69,-0.78,0.65,,,1.13,,,,,,,
Table 121,Q12. To what extent do you agree or disagree with the following statements? Summary,ONLINE Fieldwork: 15th to 17th January 2021,Standard deviation Standard error,1.22,1.23,1.23,0.98,1.19,1.05,,,1.22,,,,,,,
Table 122,Q12. To what extent do you agree or disagree with the following statements? Summary,ONLINE Fieldwork: 12th to 14th February 2021,Unweighted base,2100,2100,2100,2100,,2100,,,2100,,,,,,,
Table 122,Q12. To what extent do you agree or disagree with the following statements? Summary,ONLINE Fieldwork: 12th to 14th February 2021,Weighted base,2100,2100,2100,2100,,2100,,,2100,,,,,,,
Table 122,Q12. To what extent do you agree or disagree with the following statements? Summary,ONLINE Fieldwork: 12th to 14th February 2021,NET: Agree,662,749,394,1468,,1374,,,1650,,,,,,,
Table 122,Q12. To what extent do you agree or disagree with the following statements? Summary,ONLINE Fieldwork: 12th to 14th February 2021,Strongly agree      (+2),154,195,136,462,,507,,,1358,,,,,,,
Table 122,Q12. To what extent do you agree or disagree with the following statements? Summary,ONLINE Fieldwork: 12th to 14th February 2021,Slightly agree      (+1),508,554,258,1006,,867,,,292,,,,,,,
Table 122,Q12. To what extent do you agree or disagree with the following statements? Summary,ONLINE Fieldwork: 12th to 14th February 2021,Neither agree nor    (0) disagree,522,558,551,412,,468,,,259,,,,,,,
Table 122,Q12. To what extent do you agree or disagree with the following statements? Summary,ONLINE Fieldwork: 12th to 14th February 2021,Slightly disagree   (-1),525,455,480,143,,192,,,83,,,,,,,
Table 122,Q12. To what extent do you agree or disagree with the following statements? Summary,ONLINE Fieldwork: 12th to 14th February 2021,Strongly disagree   (-2),391,339,675,78,,66,,,109,,,,,,,
Table 122,Q12. To what extent do you agree or disagree with the following statements? Summary,ONLINE Fieldwork: 12th to 14th February 2021,NET: Disagree,916,794,1154,220,,258,,,191,,,,,,,
Table 122,Q12. To what extent do you agree or disagree with the following statements? Summary,ONLINE Fieldwork: 12th to 14th February 2021,Mean,-0.23,-0.09,-0.62,0.78,,0.74,,,1.29,,,,,,,
Table 122,Q12. To what extent do you agree or disagree with the following statements? Summary,ONLINE Fieldwork: 12th to 14th February 2021,Standard deviation Standard error,1.22,1.22,1.23,0.99,,1.02,,,1.14,,,,,,,
Table 111,Q12. To what extent do you agree or disagree with the following statements? Summary,ONLINE Fieldwork: 7th to 9th August 2020,Unweighted base,2120,2120,2120,2120,2120,2120,,,,,,,,,,2120
Table 111,Q12. To what extent do you agree or disagree with the following statements? Summary,ONLINE Fieldwork: 7th to 9th August 2020,Weighted base,2120,2120,2120,2120,2120,2120,,,,,,,,,,2120
Table 111,Q12. To what extent do you agree or disagree with the following statements? Summary,ONLINE Fieldwork: 7th to 9th August 2020,NET: Agree,795,618,489,1468,577,1106,,,,,,,,,,1431
Table 111,Q12. To what extent do you agree or disagree with the following statements? Summary,ONLINE Fieldwork: 7th to 9th August 2020,Strongly agree      (+2),192,158,169,404,85,287,,,,,,,,,,917
Table 111,Q12. To what extent do you agree or disagree with the following statements? Summary,ONLINE Fieldwork: 7th to 9th August 2020,Slightly agree      (+1),604,459,321,1064,492,818,,,,,,,,,,514
Table 111,Q12. To what extent do you agree or disagree with the following statements? Summary,ONLINE Fieldwork: 7th to 9th August 2020,Neither agree nor    (0) disagree,587,659,580,452,493,555,,,,,,,,,,380
Table 111,Q12. To what extent do you agree or disagree with the following statements? Summary,ONLINE Fieldwork: 7th to 9th August 2020,Slightly disagree   (-1),482,471,484,131,527,334,,,,,,,,,,157
Table 111,Q12. To what extent do you agree or disagree with the following statements? Summary,ONLINE Fieldwork: 7th to 9th August 2020,Strongly disagree   (-2),256,373,567,69,522,125,,,,,,,,,,152
Table 111,Q12. To what extent do you agree or disagree with the following statements? Summary,ONLINE Fieldwork: 7th to 9th August 2020,NET: Disagree,738,844,1050,200,1049,459,,,,,,,,,,309
Table 111,Q12. To what extent do you agree or disagree with the following statements? Summary,ONLINE Fieldwork: 7th to 9th August 2020,Mean,*,-0.21,-0.45,0.76,-0.43,0.38,,,,,,,,,,0.89
Table 111,Q12. To what extent do you agree or disagree with the following statements? Summary,ONLINE Fieldwork: 7th to 9th August 2020,Standard deviation Standard error,1.17,1.18,1.25,0.94,1.2,1.09,,,,,,,,,,1.24
Table 113,Q12. To what extent do you agree or disagree with the following statements? Summary,ONLINE Fieldwork: 9th to 11th October 2020,Unweighted base,2189,2189,2189,2189,2189,2189,2189,561,,,,,,,,
Table 113,Q12. To what extent do you agree or disagree with the following statements? Summary,ONLINE Fieldwork: 9th to 11th October 2020,Weighted base,2189,2189,2189,2189,2189,2189,2189,577,,,,,,,,
Table 113,Q12. To what extent do you agree or disagree with the following statements? Summary,ONLINE Fieldwork: 9th to 11th October 2020,NET: Agree,839,656,585,1327,657,1146,1367,334,,,,,,,,
Table 113,Q12. To what extent do you agree or disagree with the following statements? Summary,ONLINE Fieldwork: 9th to 11th October 2020,Strongly agree      (+2),241,201,214,322,133,284,891,148,,,,,,,,
Table 113,Q12. To what extent do you agree or disagree with the following statements? Summary,ONLINE Fieldwork: 9th to 11th October 2020,Slightly agree      (+1),598,454,371,1006,524,862,476,186,,,,,,,,
Table 113,Q12. To what extent do you agree or disagree with the following statements? Summary,ONLINE Fieldwork: 9th to 11th October 2020,Neither agree nor    (0) disagree,584,600,598,533,483,562,422,131,,,,,,,,
Table 113,Q12. To what extent do you agree or disagree with the following statements? Summary,ONLINE Fieldwork: 9th to 11th October 2020,Slightly disagree   (-1),497,486,468,208,546,336,140,60,,,,,,,,
Table 113,Q12. To what extent do you agree or disagree with the following statements? Summary,ONLINE Fieldwork: 9th to 11th October 2020,Strongly disagree   (-2),268,447,539,121,503,145,260,52,,,,,,,,
Table 113,Q12. To what extent do you agree or disagree with the following statements? Summary,ONLINE Fieldwork: 9th to 11th October 2020,NET: Disagree,766,933,1007,329,1049,480,400,112,,,,,,,,
Table 113,Q12. To what extent do you agree or disagree with the following statements? Summary,ONLINE Fieldwork: 9th to 11th October 2020,Mean,0.02,-0.24,-0.34,0.55,-0.35,0.37,0.73,0.55,,,,,,,,
Table 113,Q12. To what extent do you agree or disagree with the following statements? Summary,ONLINE Fieldwork: 9th to 11th October 2020,Standard deviation Standard error,1.2,1.25,1.28,1.03,1.24,1.09,1.36,1.23,,,,,,,,
