start_date,end_date,question,response,total,male,female,16-24,18-24,25-34,35-44,45-54,55-64,65+,class_upper_and_middle,class_lower_middle,class_skilled_working,class_working_class_lowest_grade
2020-05-29,2020-05-31,source_of_theory_linking_coronavirus_to_5g_technology_reported_as_true,“Red-top tabloids” such as The Sun or Daily Mirror ( printed ),2,1,2,0,0,0,1,2,0,0,0,0,2,0
2020-05-29,2020-05-31,source_of_theory_linking_coronavirus_to_5g_technology_reported_as_true,“Broadsheets” such as The Times or Guardian ( online ),4,4,0,2,2,0,1,0,0,2,2,1,2,0
2020-05-29,2020-05-31,source_of_theory_linking_coronavirus_to_5g_technology_reported_as_true,ITV,6,3,3,1,1,1,2,1,0,2,3,1,0,2
2020-05-29,2020-05-31,source_of_theory_linking_coronavirus_to_5g_technology_reported_as_true,BBC - Online/ app,7,7,0,2,2,2,1,0,1,0,0,3,4,0
2020-05-29,2020-05-31,source_of_theory_linking_coronavirus_to_5g_technology_reported_as_true,Weighted base,185,108,77,25,25,40,32,35,24,29,59,45,37,43
2020-05-29,2020-05-31,source_of_theory_linking_coronavirus_to_5g_technology_reported_as_true,BBC - TV,7,5,2,1,1,1,0,1,2,2,3,1,3,0
2020-05-29,2020-05-31,source_of_theory_linking_coronavirus_to_5g_technology_reported_as_true,Instagram,7,4,3,4,4,2,1,0,0,0,4,1,1,1
2020-05-29,2020-05-31,source_of_theory_linking_coronavirus_to_5g_technology_reported_as_true,WhatsApp group(s),9,1,7,0,0,3,1,1,0,4,1,1,2,5
2020-05-29,2020-05-31,source_of_theory_linking_coronavirus_to_5g_technology_reported_as_true,Search engine (e.g. Google),10,4,6,1,1,2,1,3,0,3,4,2,3,2
2020-05-29,2020-05-31,source_of_theory_linking_coronavirus_to_5g_technology_reported_as_true,"Websites/apps of online news organisations like Buzzfeed, Huffington Post, Vice, etc.",10,6,4,3,3,2,2,0,3,2,3,1,5,2
2020-05-29,2020-05-31,source_of_theory_linking_coronavirus_to_5g_technology_reported_as_true,People in your local area/neighbourhood,11,6,4,0,0,2,4,1,2,1,6,1,2,1
2020-05-29,2020-05-31,source_of_theory_linking_coronavirus_to_5g_technology_reported_as_true,Family and friends directly,11,7,4,0,0,4,3,2,0,2,3,3,1,3
2020-05-29,2020-05-31,source_of_theory_linking_coronavirus_to_5g_technology_reported_as_true,Websites or apps that bring together news from different news providers,13,8,4,0,0,3,2,4,3,0,2,3,7,1
2020-05-29,2020-05-31,source_of_theory_linking_coronavirus_to_5g_technology_reported_as_true,YouTube,15,11,4,2,2,9,2,0,2,0,6,4,1,4
2020-05-29,2020-05-31,source_of_theory_linking_coronavirus_to_5g_technology_reported_as_true,Unspecified social media,17,10,7,1,1,4,3,3,3,2,8,2,1,6
2020-05-29,2020-05-31,source_of_theory_linking_coronavirus_to_5g_technology_reported_as_true,Twitter,39,25,14,8,8,9,6,9,4,4,6,12,6,15
2020-05-29,2020-05-31,source_of_theory_linking_coronavirus_to_5g_technology_reported_as_true,Facebook,80,42,38,13,13,18,13,21,6,8,27,18,15,21
2020-05-29,2020-05-31,source_of_theory_linking_coronavirus_to_5g_technology_reported_as_true,Weighted base,185,108,77,25,25,40,32,35,24,29,59,45,37,43
2020-05-29,2020-05-31,source_of_theory_linking_coronavirus_to_5g_technology_reported_as_true,Unweighted base,181,101,80,23,23,38,34,33,26,27,55,49,37,40
2020-05-29,2020-05-31,source_of_theory_linking_coronavirus_to_5g_technology_reported_as_true,NET: WhatsApp (WhatsApp and WhatsApp groups),11,3,8,0,0,4,2,1,0,4,3,1,2,5
2020-05-29,2020-05-31,source_of_theory_linking_coronavirus_to_5g_technology_reported_as_true,NET: Closed groups,10,2,8,0,0,4,2,1,0,4,3,1,2,5
2020-05-29,2020-05-31,source_of_theory_linking_coronavirus_to_5g_technology_reported_as_true,NET: Other online news sources,23,15,7,3,3,4,4,4,7,2,4,4,12,3
2020-05-29,2020-05-31,source_of_theory_linking_coronavirus_to_5g_technology_reported_as_true,NET: Family/friends/ local ppl,22,14,8,0,0,6,7,3,2,3,9,4,3,5
2020-05-29,2020-05-31,source_of_theory_linking_coronavirus_to_5g_technology_reported_as_true,NET: Traditional media,30,18,11,5,5,6,4,4,3,8,10,5,11,4
2020-05-29,2020-05-31,source_of_theory_linking_coronavirus_to_5g_technology_reported_as_true,“Mid-market tabloids” such as MailOnline or Express ( online ),4,2,2,0,0,,0,0,0,4,3,1,0,
2020-05-29,2020-05-31,source_of_theory_linking_coronavirus_to_5g_technology_reported_as_true,I don't know where the source is from,4,3,1,,,2,0,0,1,1,2,1,2,0
2020-05-29,2020-05-31,source_of_theory_linking_coronavirus_to_5g_technology_reported_as_true,“Mid-market tabloids” such as The Daily Mail or Daily Express ( printed ),4,2,2,0,0,0,0,2,0,2,2,0,2,0
2020-05-29,2020-05-31,source_of_theory_linking_coronavirus_to_5g_technology_reported_as_true,Official scientists,3,2,2,2,2,0,2,0,0,0,0,0,2,2
2020-05-29,2020-05-31,source_of_theory_linking_coronavirus_to_5g_technology_reported_as_true,NET: Newspapers (printed and online),14,10,4,2,2,1,2,2,0,8,6,2,5,1
2020-05-29,2020-05-31,source_of_theory_linking_coronavirus_to_5g_technology_reported_as_true,NET: BBC services,14,10,4,2,2,5,1,1,2,2,5,3,6,0
2020-05-29,2020-05-31,source_of_theory_linking_coronavirus_to_5g_technology_reported_as_true,NET: Non-BBC broadcasters,9,5,4,3,3,1,2,1,1,2,3,1,2,2
2020-05-29,2020-05-31,source_of_theory_linking_coronavirus_to_5g_technology_reported_as_true,NET: Broadcasters,20,13,7,5,5,5,3,2,3,2,5,4,8,2
2020-05-29,2020-05-31,source_of_theory_linking_coronavirus_to_5g_technology_reported_as_true,Other,7,3,4,1,1,1,1,0,1,3,3,2,1,2
2020-05-29,2020-05-31,source_of_theory_linking_coronavirus_to_5g_technology_reported_as_true,Weighted base,185,108,77,25,25,40,32,35,24,29,59,45,37,43
2020-05-29,2020-05-31,source_of_theory_linking_coronavirus_to_5g_technology_reported_as_true,“Red-top tabloids” such as The Sun or Mirror ( online ),1,0,1,0,0,1,0,0,0,0,0,0,0,1
2020-05-29,2020-05-31,source_of_theory_linking_coronavirus_to_5g_technology_reported_as_true,Channel 5,1,0,1,0,0,1,0,0,0,0,1,0,0,0
2020-05-29,2020-05-31,source_of_theory_linking_coronavirus_to_5g_technology_reported_as_true,Celebrity and/or social media influencer,1,0,1,1,1,,0,0,0,0,0,0,0,1
2020-05-29,2020-05-31,source_of_theory_linking_coronavirus_to_5g_technology_reported_as_true,Advertising,1,1,1,1,1,0,1,0,0,0,0,0,0,1
2020-05-29,2020-05-31,source_of_theory_linking_coronavirus_to_5g_technology_reported_as_true,"Non-mainstream news sources such as Russia Today, Breitbart, Swawkbox etc",2,2,0,0,0,1,0,0,1,0,0,0,1,1
2020-05-29,2020-05-31,source_of_theory_linking_coronavirus_to_5g_technology_reported_as_true,"Smart speaker (e.g. Amazon Echo, Google Home)",2,0,2,0,0,2,0,0,0,0,2,0,0,0
2020-05-29,2020-05-31,source_of_theory_linking_coronavirus_to_5g_technology_reported_as_true,Direct from UK Government website/ email/ text/ post,2,0,2,0,0,0,2,0,0,0,0,0,0,2
2020-05-29,2020-05-31,source_of_theory_linking_coronavirus_to_5g_technology_reported_as_true,Direct from NHS website/ email/ text/ post,2,0,2,0,0,0,2,0,0,0,0,0,0,2
2020-05-29,2020-05-31,source_of_theory_linking_coronavirus_to_5g_technology_reported_as_true,Direct from Local council website/ email/ text/ post,2,0,2,0,0,0,2,0,0,0,0,0,0,2
2020-05-29,2020-05-31,source_of_theory_linking_coronavirus_to_5g_technology_reported_as_true,Direct from World Health Organisation (WHO) website/ email/ text/ post,2,0,2,0,0,0,2,0,0,0,0,0,0,2
2020-05-29,2020-05-31,source_of_theory_linking_coronavirus_to_5g_technology_reported_as_true,Facebook messenger,2,1,1,0,0,1,1,0,0,0,2,0,0,0
2020-05-29,2020-05-31,source_of_theory_linking_coronavirus_to_5g_technology_reported_as_true,Weighted base,185,108,77,25,25,40,32,35,24,29,59,45,37,43
2020-05-29,2020-05-31,source_of_theory_linking_coronavirus_to_5g_technology_reported_as_true,Snapchat,2,1,1,1,1,0,1,0,0,0,1,1,0,0
2020-05-29,2020-05-31,source_of_theory_linking_coronavirus_to_5g_technology_reported_as_true,WhatsApp,2,1,1,0,0,1,1,0,0,0,2,0,0,
2020-05-29,2020-05-31,source_of_theory_linking_coronavirus_to_5g_technology_reported_as_true,NET: Facebook (Facebook and Facebook Messenger),80,42,38,13,13,18,13,21,6,8,27,18,15,21
2020-05-29,2020-05-31,source_of_theory_linking_coronavirus_to_5g_technology_reported_as_true,Sky,3,2,1,2,2,0,0,0,1,0,1,0,2,0
2020-05-29,2020-05-31,source_of_theory_linking_coronavirus_to_5g_technology_reported_as_true,Channel 4,3,0,3,0,0,1,2,0,0,0,1,0,0,2
2020-05-29,2020-05-31,source_of_theory_linking_coronavirus_to_5g_technology_reported_as_true,BBC - Radio,4,2,2,0,0,2,1,0,0,2,4,0,0,0
2020-05-29,2020-05-31,source_of_theory_linking_coronavirus_to_5g_technology_reported_as_true,NET: Officials,3,2,2,2,2,0,2,0,0,0,0,0,2,2
2020-05-29,2020-05-31,source_of_theory_linking_coronavirus_to_5g_technology_reported_as_true,NET: Social Media,122,70,52,20,20,26,21,29,11,14,38,33,19,33
2020-06-05,2020-06-07,source_of_theory_linking_coronavirus_to_5g_technology_reported_as_true,Facebook,88,39,49,25,25,17,19,10,8,7,28,27,16,17
2020-06-05,2020-06-07,source_of_theory_linking_coronavirus_to_5g_technology_reported_as_true,Facebook messenger,2,1,1,0,0,1,0,1,1,0,1,0,1,1
2020-06-05,2020-06-07,source_of_theory_linking_coronavirus_to_5g_technology_reported_as_true,Direct from Local health service website/ email/ text/ post,2,0,2,0,0,0,1,0,1,0,1,0,1,0
2020-06-05,2020-06-07,source_of_theory_linking_coronavirus_to_5g_technology_reported_as_true,BBC - Radio,2,2,0,0,0,1,0,1,0,0,1,1,0,0
2020-06-05,2020-06-07,source_of_theory_linking_coronavirus_to_5g_technology_reported_as_true,Sky,1,1,0,0,0,1,0,1,0,0,1,1,0,0
2020-06-05,2020-06-07,source_of_theory_linking_coronavirus_to_5g_technology_reported_as_true,“Red-top tabloids” such as The Sun or Mirror ( online ),1,1,0,0,0,0,0,,1,0,0,,0,1
2020-06-05,2020-06-07,source_of_theory_linking_coronavirus_to_5g_technology_reported_as_true,Official scientists,1,1,1,0,0,0,1,0,0,0,1,1,0,0
2020-06-05,2020-06-07,source_of_theory_linking_coronavirus_to_5g_technology_reported_as_true,"Non-mainstream news sources such as Russia Today, Breitbart, Swawkbox etc",1,1,0,0,0,0,1,0,0,0,1,0,0,0
2020-06-05,2020-06-07,source_of_theory_linking_coronavirus_to_5g_technology_reported_as_true,Direct from Local council website/ email/ text/ post,1,1,0,0,0,0,1,0,0,0,1,0,0,0
2020-06-05,2020-06-07,source_of_theory_linking_coronavirus_to_5g_technology_reported_as_true,Magazines,1,1,0,0,0,1,0,0,0,0,0,1,0,0
2020-06-05,2020-06-07,source_of_theory_linking_coronavirus_to_5g_technology_reported_as_true,Weighted base,196,101,94,57,51,33,29,21,26,30,65,58,35,37
2020-06-05,2020-06-07,source_of_theory_linking_coronavirus_to_5g_technology_reported_as_true,UTV,1,1,0,0,0,0,0,0,0,1,1,0,0,0
2020-06-05,2020-06-07,source_of_theory_linking_coronavirus_to_5g_technology_reported_as_true,Channel 4,1,0,1,0,0,0,1,0,0,0,1,0,0,0
2020-06-05,2020-06-07,source_of_theory_linking_coronavirus_to_5g_technology_reported_as_true,Channel 5,1,0,1,0,0,0,1,0,0,0,1,0,0,0
2020-06-05,2020-06-07,source_of_theory_linking_coronavirus_to_5g_technology_reported_as_true,Direct from World Health Organisation (WHO) website/ email/ text/ post,1,0,1,0,0,0,1,0,0,0,1,0,0,0
2020-06-05,2020-06-07,source_of_theory_linking_coronavirus_to_5g_technology_reported_as_true,“Broadsheets” such as The Times or Guardian ( online ),1,0,1,0,0,1,0,0,0,0,0,1,0,0
2020-06-05,2020-06-07,source_of_theory_linking_coronavirus_to_5g_technology_reported_as_true,Other,10,7,3,0,0,3,1,0,2,4,2,2,2,3
2020-06-05,2020-06-07,source_of_theory_linking_coronavirus_to_5g_technology_reported_as_true,NET: Broadcasters,15,12,2,0,0,2,1,2,4,7,4,5,3,4
2020-06-05,2020-06-07,source_of_theory_linking_coronavirus_to_5g_technology_reported_as_true,NET: Non-BBC broadcasters,7,6,1,0,0,1,1,2,1,2,2,1,2,2
2020-06-05,2020-06-07,source_of_theory_linking_coronavirus_to_5g_technology_reported_as_true,NET: BBC services,13,10,2,0,0,1,1,2,2,7,4,4,3,2
2020-06-05,2020-06-07,source_of_theory_linking_coronavirus_to_5g_technology_reported_as_true,NET: Newspapers (printed and online),11,9,3,0,0,2,0,,4,5,3,4,4,1
2020-06-05,2020-06-07,source_of_theory_linking_coronavirus_to_5g_technology_reported_as_true,NET: Officials,8,4,4,4,4,0,3,0,1,0,4,3,1,0
2020-06-05,2020-06-07,source_of_theory_linking_coronavirus_to_5g_technology_reported_as_true,NET: Social Media,126,60,65,41,39,26,23,14,12,10,43,33,25,25
2020-06-05,2020-06-07,source_of_theory_linking_coronavirus_to_5g_technology_reported_as_true,Weighted base,196,101,94,57,51,33,29,21,26,30,65,58,35,37
2020-06-05,2020-06-07,source_of_theory_linking_coronavirus_to_5g_technology_reported_as_true,Community radio,2,0,2,2,2,0,0,0,0,0,0,0,2,0
2020-06-05,2020-06-07,source_of_theory_linking_coronavirus_to_5g_technology_reported_as_true,Weighted base,196,101,94,57,51,33,29,21,26,30,65,58,35,37
2020-06-05,2020-06-07,source_of_theory_linking_coronavirus_to_5g_technology_reported_as_true,“Red-top tabloids” such as The Sun or Daily Mirror ( printed ),2,1,1,0,0,0,0,0,2,0,1,1,0,0
2020-06-05,2020-06-07,source_of_theory_linking_coronavirus_to_5g_technology_reported_as_true,Weighted base,196,101,94,57,51,33,29,21,26,30,65,58,35,37
2020-06-05,2020-06-07,source_of_theory_linking_coronavirus_to_5g_technology_reported_as_true,Twitter,26,16,10,9,8,6,3,4,3,1,13,3,6,4
2020-06-05,2020-06-07,source_of_theory_linking_coronavirus_to_5g_technology_reported_as_true,Family and friends directly,21,8,13,6,4,6,4,2,2,1,7,6,4,5
2020-06-05,2020-06-07,source_of_theory_linking_coronavirus_to_5g_technology_reported_as_true,Websites or apps that bring together news from different news providers,19,7,13,5,3,5,2,4,2,2,6,10,1,2
2020-06-05,2020-06-07,source_of_theory_linking_coronavirus_to_5g_technology_reported_as_true,Instagram,17,11,7,5,5,7,3,1,1,0,8,2,3,4
2020-06-05,2020-06-07,source_of_theory_linking_coronavirus_to_5g_technology_reported_as_true,YouTube,12,6,6,3,3,2,1,3,2,1,5,3,1,4
2020-06-05,2020-06-07,source_of_theory_linking_coronavirus_to_5g_technology_reported_as_true,Search engine (e.g. Google),12,10,3,2,2,2,2,2,4,1,2,6,1,4
2020-06-05,2020-06-07,source_of_theory_linking_coronavirus_to_5g_technology_reported_as_true,BBC - TV,12,10,2,0,0,1,1,2,2,7,4,4,2,2
2020-06-05,2020-06-07,source_of_theory_linking_coronavirus_to_5g_technology_reported_as_true,WhatsApp,10,5,5,4,3,2,1,1,2,0,6,1,1,3
2020-06-05,2020-06-07,source_of_theory_linking_coronavirus_to_5g_technology_reported_as_true,"Websites/apps of online news organisations like Buzzfeed, Huffington Post, Vice, etc.",8,5,3,3,3,1,2,1,2,0,1,5,1,1
2020-06-05,2020-06-07,source_of_theory_linking_coronavirus_to_5g_technology_reported_as_true,WhatsApp group(s),7,4,3,4,4,2,1,0,0,1,5,2,0,1
2020-06-05,2020-06-07,source_of_theory_linking_coronavirus_to_5g_technology_reported_as_true,Weighted base,196,101,94,57,51,33,29,21,26,30,65,58,35,37
2020-06-05,2020-06-07,source_of_theory_linking_coronavirus_to_5g_technology_reported_as_true,“Mid-market tabloids” such as The Daily Mail or Daily Express ( printed ),5,4,1,0,0,1,0,0,1,3,2,1,2,0
2020-06-05,2020-06-07,source_of_theory_linking_coronavirus_to_5g_technology_reported_as_true,People in your local area/neighbourhood,5,3,1,1,1,1,2,1,1,0,2,1,1,1
2020-06-05,2020-06-07,source_of_theory_linking_coronavirus_to_5g_technology_reported_as_true,Unspecified social media,5,3,2,1,1,1,1,1,0,1,1,0,2,1
2020-06-05,2020-06-07,source_of_theory_linking_coronavirus_to_5g_technology_reported_as_true,Direct from NHS website/ email/ text/ post,5,3,2,4,4,0,1,0,0,0,2,3,0,0
2020-06-05,2020-06-07,source_of_theory_linking_coronavirus_to_5g_technology_reported_as_true,Email,4,3,1,1,1,0,1,0,,2,1,3,,0
2020-06-05,2020-06-07,source_of_theory_linking_coronavirus_to_5g_technology_reported_as_true,Celebrity and/or social media influencer,4,1,3,2,2,1,0,1,1,0,0,2,1,1
2020-06-05,2020-06-07,source_of_theory_linking_coronavirus_to_5g_technology_reported_as_true,ITV,4,4,0,0,0,0,0,1,1,2,0,0,2,2
2020-06-05,2020-06-07,source_of_theory_linking_coronavirus_to_5g_technology_reported_as_true,“Mid-market tabloids” such as MailOnline or Express ( online ),3,3,0,0,0,0,0,0,1,2,0,1,2,1
2020-06-05,2020-06-07,source_of_theory_linking_coronavirus_to_5g_technology_reported_as_true,BBC - Online/ app,3,2,2,0,0,1,1,1,1,0,1,1,1,0
2020-06-05,2020-06-07,source_of_theory_linking_coronavirus_to_5g_technology_reported_as_true,Snapchat,3,1,2,1,1,1,1,0,0,0,1,1,1,0
2020-06-05,2020-06-07,source_of_theory_linking_coronavirus_to_5g_technology_reported_as_true,Commercial Radio,3,3,0,1,1,1,1,0,0,0,2,1,0,0
2020-06-05,2020-06-07,source_of_theory_linking_coronavirus_to_5g_technology_reported_as_true,NET: Closed groups,8,5,4,4,4,2,1,1,1,1,5,2,1,2
2020-06-05,2020-06-07,source_of_theory_linking_coronavirus_to_5g_technology_reported_as_true,Podcasts,2,0,2,2,2,1,0,0,0,0,0,2,0,0
2020-06-05,2020-06-07,source_of_theory_linking_coronavirus_to_5g_technology_reported_as_true,Unweighted base,196,99,97,42,37,34,36,29,27,28,67,59,35,35
2020-06-05,2020-06-07,source_of_theory_linking_coronavirus_to_5g_technology_reported_as_true,Advertising,2,1,2,2,2,1,0,0,0,0,0,2,0,0
2020-06-05,2020-06-07,source_of_theory_linking_coronavirus_to_5g_technology_reported_as_true,NET: Other online news sources,26,11,14,6,4,6,5,4,3,2,8,12,2,3
2020-06-05,2020-06-07,source_of_theory_linking_coronavirus_to_5g_technology_reported_as_true,NET: Facebook (Facebook and Facebook Messenger),89,40,49,25,25,17,19,11,8,7,28,27,16,17
2020-06-05,2020-06-07,source_of_theory_linking_coronavirus_to_5g_technology_reported_as_true,I don't know where the source is from,2,0,2,0,0,0,1,0,0,1,0,1,1,0
2020-06-05,2020-06-07,source_of_theory_linking_coronavirus_to_5g_technology_reported_as_true,NET: WhatsApp (WhatsApp and WhatsApp groups),14,7,6,6,5,3,1,1,2,1,8,2,1,3
2020-06-05,2020-06-07,source_of_theory_linking_coronavirus_to_5g_technology_reported_as_true,NET: Traditional media,26,20,7,3,3,3,2,2,8,9,8,8,7,5
2020-06-05,2020-06-07,source_of_theory_linking_coronavirus_to_5g_technology_reported_as_true,NET: Family/friends/ local ppl,26,12,14,7,5,7,6,3,3,1,9,7,5,6
2020-06-12,2020-06-15,source_of_theory_linking_coronavirus_to_5g_technology_reported_as_true,“Broadsheets” such as The Times or Guardian,2,2,0,0,0,0,2,0,0,0,0,0,2,0
2020-06-12,2020-06-15,source_of_theory_linking_coronavirus_to_5g_technology_reported_as_true,Channel 4,2,1,1,1,1,0,1,0,0,0,0,0,1,1
2020-06-12,2020-06-15,source_of_theory_linking_coronavirus_to_5g_technology_reported_as_true,"Smart speaker (e.g. Amazon Echo, Google Home)",2,2,0,0,0,1,0,1,0,0,2,0,0,0
2020-06-12,2020-06-15,source_of_theory_linking_coronavirus_to_5g_technology_reported_as_true,"Non-mainstream news sources such as Russia Today, Breitbart, Swawkbox etc",1,1,1,0,0,1,0,0,0,1,1,0,1,0
2020-06-12,2020-06-15,source_of_theory_linking_coronavirus_to_5g_technology_reported_as_true,Advertising,1,1,0,0,0,1,0,0,0,0,1,0,0,0
2020-06-12,2020-06-15,source_of_theory_linking_coronavirus_to_5g_technology_reported_as_true,Direct from NHS website/ email/ text/ post,1,1,0,0,0,0,1,0,0,0,1,0,0,0
2020-06-12,2020-06-15,source_of_theory_linking_coronavirus_to_5g_technology_reported_as_true,Direct from Local health service website/ email/ text/ post,1,1,0,0,0,0,1,0,0,0,1,0,0,0
2020-06-12,2020-06-15,source_of_theory_linking_coronavirus_to_5g_technology_reported_as_true,Weighted base,155,84,71,23,21,38,29,25,21,18,44,43,32,36
2020-06-12,2020-06-15,source_of_theory_linking_coronavirus_to_5g_technology_reported_as_true,Direct from Local council website/ email/ text/ post,1,1,0,0,0,0,1,0,0,0,1,0,0,0
2020-06-12,2020-06-15,source_of_theory_linking_coronavirus_to_5g_technology_reported_as_true,Direct from World Health Organisation (WHO) website/ email/ text/ post,1,1,0,0,0,0,1,0,0,0,1,0,0,0
2020-06-12,2020-06-15,source_of_theory_linking_coronavirus_to_5g_technology_reported_as_true,Other,10,4,6,0,0,1,2,4,1,1,0,1,0,9
2020-06-12,2020-06-15,source_of_theory_linking_coronavirus_to_5g_technology_reported_as_true,“Broadsheets” such as The Times or Guardian ( online ),3,3,0,0,0,0,2,1,0,0,0,0,2,1
2020-06-12,2020-06-15,source_of_theory_linking_coronavirus_to_5g_technology_reported_as_true,Unweighted base,155,86,69,23,20,36,32,22,23,19,45,46,26,38
2020-06-12,2020-06-15,source_of_theory_linking_coronavirus_to_5g_technology_reported_as_true,NET: BBC services,11,3,8,0,0,8,0,2,1,0,1,3,4,3
2020-06-12,2020-06-15,source_of_theory_linking_coronavirus_to_5g_technology_reported_as_true,NET: Newspapers (printed and online),17,9,7,4,4,1,3,1,2,5,6,1,7,3
2020-06-12,2020-06-15,source_of_theory_linking_coronavirus_to_5g_technology_reported_as_true,NET: Officials,1,1,0,0,0,0,1,0,0,0,1,0,0,0
2020-06-12,2020-06-15,source_of_theory_linking_coronavirus_to_5g_technology_reported_as_true,NET: Social Media,105,57,48,17,15,29,19,19,11,10,28,34,21,23
2020-06-12,2020-06-15,source_of_theory_linking_coronavirus_to_5g_technology_reported_as_true,NET: Facebook (Facebook and Facebook Messenger),86,42,44,15,14,22,14,15,10,10,23,27,15,20
2020-06-12,2020-06-15,source_of_theory_linking_coronavirus_to_5g_technology_reported_as_true,NET: WhatsApp (WhatsApp and WhatsApp groups),14,10,4,1,0,3,3,3,1,2,2,8,4,0
2020-06-12,2020-06-15,source_of_theory_linking_coronavirus_to_5g_technology_reported_as_true,NET: Closed groups,8,7,1,0,0,2,2,1,1,3,3,3,2,0
2020-06-12,2020-06-15,source_of_theory_linking_coronavirus_to_5g_technology_reported_as_true,NET: Other online news sources,14,7,8,3,3,5,0,1,5,1,5,2,5,1
2020-06-12,2020-06-15,source_of_theory_linking_coronavirus_to_5g_technology_reported_as_true,Weighted base,155,84,71,23,21,38,29,25,21,18,44,43,32,36
2020-06-12,2020-06-15,source_of_theory_linking_coronavirus_to_5g_technology_reported_as_true,NET: Family/friends/ local ppl,26,9,17,6,6,10,2,3,1,5,7,6,7,6
2020-06-12,2020-06-15,source_of_theory_linking_coronavirus_to_5g_technology_reported_as_true,NET: Traditional media,32,15,17,4,4,12,4,2,4,5,9,5,13,6
2020-06-12,2020-06-15,source_of_theory_linking_coronavirus_to_5g_technology_reported_as_true,I don't know where the source is from,1,0,1,0,0,1,0,0,0,0,1,0,0,0
2020-06-12,2020-06-15,source_of_theory_linking_coronavirus_to_5g_technology_reported_as_true,NET: Non-BBC broadcasters,13,8,6,1,1,7,1,1,1,3,7,1,1,3
2020-06-12,2020-06-15,source_of_theory_linking_coronavirus_to_5g_technology_reported_as_true,NET: Broadcasters,20,8,12,1,1,12,1,2,1,3,7,4,5,4
2020-06-12,2020-06-15,source_of_theory_linking_coronavirus_to_5g_technology_reported_as_true,Facebook messenger,4,3,1,0,0,1,0,0,0,3,1,2,1,0
2020-06-12,2020-06-15,source_of_theory_linking_coronavirus_to_5g_technology_reported_as_true,Weighted base,155,84,71,23,21,38,29,25,21,18,44,43,32,36
2020-06-12,2020-06-15,source_of_theory_linking_coronavirus_to_5g_technology_reported_as_true,Weighted base,155,84,71,23,21,38,29,25,21,18,44,43,32,36
2020-06-12,2020-06-15,source_of_theory_linking_coronavirus_to_5g_technology_reported_as_true,Facebook,84,40,44,15,14,22,14,15,10,9,23,26,15,20
2020-06-12,2020-06-15,source_of_theory_linking_coronavirus_to_5g_technology_reported_as_true,Twitter,24,19,5,7,7,6,7,3,1,0,4,8,8,4
2020-06-12,2020-06-15,source_of_theory_linking_coronavirus_to_5g_technology_reported_as_true,Family and friends directly,20,7,14,4,4,10,2,3,0,2,7,4,5,5
2020-06-12,2020-06-15,source_of_theory_linking_coronavirus_to_5g_technology_reported_as_true,Search engine (e.g. Google),18,9,9,4,3,8,3,1,0,2,3,8,5,2
2020-06-12,2020-06-15,source_of_theory_linking_coronavirus_to_5g_technology_reported_as_true,YouTube,17,8,10,2,2,3,3,4,0,5,2,8,2,6
2020-06-12,2020-06-15,source_of_theory_linking_coronavirus_to_5g_technology_reported_as_true,WhatsApp,11,7,4,1,0,3,2,3,0,2,1,7,3,0
2020-06-12,2020-06-15,source_of_theory_linking_coronavirus_to_5g_technology_reported_as_true,Websites or apps that bring together news from different news providers,10,5,4,1,1,5,0,0,4,0,3,2,4,0
2020-06-12,2020-06-15,source_of_theory_linking_coronavirus_to_5g_technology_reported_as_true,Instagram,9,3,6,2,2,3,1,3,0,0,1,1,6,1
2020-06-12,2020-06-15,source_of_theory_linking_coronavirus_to_5g_technology_reported_as_true,People in your local area/neighbourhood,8,4,4,2,2,1,0,1,1,4,1,3,3,1
2020-06-12,2020-06-15,source_of_theory_linking_coronavirus_to_5g_technology_reported_as_true,"Websites/apps of online news organisations like Buzzfeed, Huffington Post, Vice, etc.",8,4,3,3,3,2,0,1,1,1,5,0,2,1
2020-06-12,2020-06-15,source_of_theory_linking_coronavirus_to_5g_technology_reported_as_true,Commercial Radio,4,4,0,0,0,0,2,0,1,0,0,0,4,0
2020-06-12,2020-06-15,source_of_theory_linking_coronavirus_to_5g_technology_reported_as_true,“Red-top tabloids” such as The Sun or Daily Mirror ( printed ),7,4,2,0,0,0,3,0,1,2,2,0,3,1
2020-06-12,2020-06-15,source_of_theory_linking_coronavirus_to_5g_technology_reported_as_true,BBC - Online/ app,6,1,5,0,0,5,0,1,0,0,0,2,3,1
2020-06-12,2020-06-15,source_of_theory_linking_coronavirus_to_5g_technology_reported_as_true,BBC - TV,6,2,3,0,0,3,0,1,1,0,1,1,1,2
2020-06-12,2020-06-15,source_of_theory_linking_coronavirus_to_5g_technology_reported_as_true,Celebrity and/or social media influencer,5,2,3,2,2,2,1,1,0,0,2,0,2,1
2020-06-12,2020-06-15,source_of_theory_linking_coronavirus_to_5g_technology_reported_as_true,“Mid-market tabloids” such as MailOnline or Express ( online ),5,4,2,0,0,0,2,1,1,2,1,0,3,1
2020-06-12,2020-06-15,source_of_theory_linking_coronavirus_to_5g_technology_reported_as_true,Sky,5,4,1,0,0,2,0,1,1,1,4,1,0,0
2020-06-12,2020-06-15,source_of_theory_linking_coronavirus_to_5g_technology_reported_as_true,“Red-top tabloids” such as The Sun or Mirror ( online ),5,3,2,4,4,1,0,1,0,0,1,1,3,0
2020-06-12,2020-06-15,source_of_theory_linking_coronavirus_to_5g_technology_reported_as_true,“Mid-market tabloids” such as The Daily Mail or Daily Express ( printed ),5,4,1,0,0,0,2,0,1,1,3,0,2,0
2020-06-12,2020-06-15,source_of_theory_linking_coronavirus_to_5g_technology_reported_as_true,Unspecified social media,5,3,2,0,0,2,1,3,0,0,1,2,2,1
2020-06-12,2020-06-15,source_of_theory_linking_coronavirus_to_5g_technology_reported_as_true,Podcasts,4,0,4,1,1,2,0,0,0,1,1,3,0,0
2020-06-12,2020-06-15,source_of_theory_linking_coronavirus_to_5g_technology_reported_as_true,Email,4,1,3,0,0,3,0,0,0,1,2,2,0,0
2020-06-12,2020-06-15,source_of_theory_linking_coronavirus_to_5g_technology_reported_as_true,ITV,4,1,3,1,1,2,0,0,0,1,1,0,1,2
2020-06-12,2020-06-15,source_of_theory_linking_coronavirus_to_5g_technology_reported_as_true,Weighted base,155,84,71,23,21,38,29,25,21,18,44,43,32,36
2020-06-12,2020-06-15,source_of_theory_linking_coronavirus_to_5g_technology_reported_as_true,Channel 5,4,3,1,0,0,3,1,0,0,0,2,0,1,1
2020-06-12,2020-06-15,source_of_theory_linking_coronavirus_to_5g_technology_reported_as_true,WhatsApp group(s),5,5,0,0,0,1,2,1,1,0,2,1,1,0
2020-06-19,2020-06-21,source_of_theory_linking_coronavirus_to_5g_technology_reported_as_true,NET: Facebook (Facebook and Facebook Messenger),55,25,30,9,9,14,10,6,6,10,13,12,12,19
2020-06-19,2020-06-21,source_of_theory_linking_coronavirus_to_5g_technology_reported_as_true,Facebook messenger,3,1,2,0,0,1,2,0,0,0,1,1,0,2
2020-06-19,2020-06-21,source_of_theory_linking_coronavirus_to_5g_technology_reported_as_true,BBC - Radio,4,2,2,0,0,1,1,0,0,2,1,0,1,2
2020-06-19,2020-06-21,source_of_theory_linking_coronavirus_to_5g_technology_reported_as_true,WhatsApp group(s),4,2,2,2,2,2,0,0,0,0,4,0,0,0
2020-06-19,2020-06-21,source_of_theory_linking_coronavirus_to_5g_technology_reported_as_true,BBC - Online/ app,4,1,2,0,0,0,1,1,0,1,1,0,1,1
2020-06-19,2020-06-21,source_of_theory_linking_coronavirus_to_5g_technology_reported_as_true,Celebrity and/or social media influencer,4,3,1,1,0,2,,0,0,1,1,2,1,0
2020-06-19,2020-06-21,source_of_theory_linking_coronavirus_to_5g_technology_reported_as_true,Sky,4,2,2,0,0,0,2,0,2,0,0,0,2,2
2020-06-19,2020-06-21,source_of_theory_linking_coronavirus_to_5g_technology_reported_as_true,Direct from Local council website/ email/ text/ post,4,3,1,0,0,0,1,3,0,0,0,3,0,1
2020-06-19,2020-06-21,source_of_theory_linking_coronavirus_to_5g_technology_reported_as_true,Weighted base,129,61,68,26,25,25,18,15,19,26,40,33,22,34
2020-06-19,2020-06-21,source_of_theory_linking_coronavirus_to_5g_technology_reported_as_true,People in your local area/neighbourhood,4,2,2,1,1,1,,1,0,2,1,1,0,2
2020-06-19,2020-06-21,source_of_theory_linking_coronavirus_to_5g_technology_reported_as_true,"Websites/apps of online news organisations like Buzzfeed, Huffington Post, Vice, etc.",5,3,1,1,1,0,,1,0,2,2,0,2,1
2020-06-19,2020-06-21,source_of_theory_linking_coronavirus_to_5g_technology_reported_as_true,WhatsApp,6,3,3,2,2,2,2,0,0,0,2,1,0,2
2020-06-19,2020-06-21,source_of_theory_linking_coronavirus_to_5g_technology_reported_as_true,BBC - TV,8,6,2,1,1,1,1,1,2,1,3,0,4,0
2020-06-19,2020-06-21,source_of_theory_linking_coronavirus_to_5g_technology_reported_as_true,YouTube,8,5,3,1,1,3,3,0,0,1,2,1,3,3
2020-06-19,2020-06-21,source_of_theory_linking_coronavirus_to_5g_technology_reported_as_true,Instagram,9,4,6,5,4,2,2,0,0,1,3,3,2,2
2020-06-19,2020-06-21,source_of_theory_linking_coronavirus_to_5g_technology_reported_as_true,Websites or apps that bring together news from different news providers,10,4,6,2,2,1,2,2,1,2,4,1,2,3
2020-06-19,2020-06-21,source_of_theory_linking_coronavirus_to_5g_technology_reported_as_true,Unspecified social media,12,6,7,1,1,2,4,2,1,2,5,4,1,3
2020-06-19,2020-06-21,source_of_theory_linking_coronavirus_to_5g_technology_reported_as_true,Search engine (e.g. Google),15,7,8,1,1,4,4,1,2,4,6,3,2,4
2020-06-19,2020-06-21,source_of_theory_linking_coronavirus_to_5g_technology_reported_as_true,Twitter,21,13,7,9,9,4,1,2,4,2,5,4,7,5
2020-06-19,2020-06-21,source_of_theory_linking_coronavirus_to_5g_technology_reported_as_true,Family and friends directly,24,11,12,5,5,4,4,4,1,5,2,13,2,6
2020-06-19,2020-06-21,source_of_theory_linking_coronavirus_to_5g_technology_reported_as_true,Facebook,53,25,28,9,9,13,9,6,6,10,13,11,12,18
2020-06-19,2020-06-21,source_of_theory_linking_coronavirus_to_5g_technology_reported_as_true,Weighted base,129,61,68,26,25,25,18,15,19,26,40,33,22,34
2020-06-19,2020-06-21,source_of_theory_linking_coronavirus_to_5g_technology_reported_as_true,Email,3,2,1,0,0,0,1,0,1,1,1,1,0,2
2020-06-19,2020-06-21,source_of_theory_linking_coronavirus_to_5g_technology_reported_as_true,“Mid-market tabloids” such as The Daily Mail or Daily Express ( printed ),3,1,2,0,0,0,0,0,1,2,2,0,1,0
2020-06-19,2020-06-21,source_of_theory_linking_coronavirus_to_5g_technology_reported_as_true,Direct from Local health service website/ email/ text/ post,3,3,0,0,0,0,0,3,0,0,0,3,0,0
2020-06-19,2020-06-21,source_of_theory_linking_coronavirus_to_5g_technology_reported_as_true,“Red-top tabloids” such as The Sun or Daily Mirror ( printed ),3,1,1,0,0,0,1,0,0,1,0,1,0,2
2020-06-19,2020-06-21,source_of_theory_linking_coronavirus_to_5g_technology_reported_as_true,NET: BBC services,14,8,6,1,1,2,3,1,2,4,5,0,5,3
2020-06-19,2020-06-21,source_of_theory_linking_coronavirus_to_5g_technology_reported_as_true,NET: Non-BBC broadcasters,8,5,3,0,0,2,2,1,2,1,1,1,5,2
2020-06-19,2020-06-21,source_of_theory_linking_coronavirus_to_5g_technology_reported_as_true,NET: Broadcasters,15,8,7,1,1,3,3,1,2,4,5,1,5,4
2020-06-19,2020-06-21,source_of_theory_linking_coronavirus_to_5g_technology_reported_as_true,Other,12,5,7,3,3,,1,2,4,2,6,1,1,5
2020-06-19,2020-06-21,source_of_theory_linking_coronavirus_to_5g_technology_reported_as_true,Official scientists,1,0,1,1,1,0,0,0,0,0,0,0,0,1
2020-06-19,2020-06-21,source_of_theory_linking_coronavirus_to_5g_technology_reported_as_true,Snapchat,1,0,1,1,0,0,0,0,0,0,0,1,0,0
2020-06-19,2020-06-21,source_of_theory_linking_coronavirus_to_5g_technology_reported_as_true,BBC Alba,1,1,0,0,0,1,0,0,0,0,0,0,1,0
2020-06-19,2020-06-21,source_of_theory_linking_coronavirus_to_5g_technology_reported_as_true,Weighted base,129,61,68,26,25,25,18,15,19,26,40,33,22,34
2020-06-19,2020-06-21,source_of_theory_linking_coronavirus_to_5g_technology_reported_as_true,STV,1,1,0,0,0,1,0,0,0,0,0,0,1,0
2020-06-19,2020-06-21,source_of_theory_linking_coronavirus_to_5g_technology_reported_as_true,"Non-mainstream news sources such as Russia Today, Breitbart, Swawkbox etc",1,1,0,0,0,0,0,0,1,0,0,1,0,0
2020-06-19,2020-06-21,source_of_theory_linking_coronavirus_to_5g_technology_reported_as_true,Unweighted base,136,69,67,28,27,27,21,11,18,31,48,33,20,35
2020-06-19,2020-06-21,source_of_theory_linking_coronavirus_to_5g_technology_reported_as_true,ITV,1,1,1,0,0,1,0,0,0,1,1,1,0,0
2020-06-19,2020-06-21,source_of_theory_linking_coronavirus_to_5g_technology_reported_as_true,“Red-top tabloids” such as The Sun or Mirror ( online ),1,0,1,0,0,0,1,0,0,0,0,0,0,1
2020-06-19,2020-06-21,source_of_theory_linking_coronavirus_to_5g_technology_reported_as_true,Advertising,1,0,1,0,0,0,1,0,0,0,0,0,0,1
2020-06-19,2020-06-21,source_of_theory_linking_coronavirus_to_5g_technology_reported_as_true,Magazines,1,0,1,0,0,0,1,0,0,0,0,0,0,1
2020-06-19,2020-06-21,source_of_theory_linking_coronavirus_to_5g_technology_reported_as_true,“Broadsheets” such as The Times or Guardian,1,0,1,0,0,0,1,0,0,0,0,0,0,1
2020-06-19,2020-06-21,source_of_theory_linking_coronavirus_to_5g_technology_reported_as_true,Community radio,1,0,1,0,0,0,1,0,0,0,0,0,0,1
2020-06-19,2020-06-21,source_of_theory_linking_coronavirus_to_5g_technology_reported_as_true,Commercial Radio,1,0,1,0,0,0,1,0,0,0,0,0,0,1
2020-06-19,2020-06-21,source_of_theory_linking_coronavirus_to_5g_technology_reported_as_true,Direct from UK Government website/ email/ text/ post,2,1,1,0,0,0,1,0,1,0,0,0,0,2
2020-06-19,2020-06-21,source_of_theory_linking_coronavirus_to_5g_technology_reported_as_true,“Broadsheets” such as The Times or Guardian ( online ),2,0,2,0,0,0,2,0,0,0,0,0,0,2
2020-06-19,2020-06-21,source_of_theory_linking_coronavirus_to_5g_technology_reported_as_true,Weighted base,129,61,68,26,25,25,18,15,19,26,40,33,22,34
2020-06-19,2020-06-21,source_of_theory_linking_coronavirus_to_5g_technology_reported_as_true,“Mid-market tabloids” such as MailOnline or Express ( online ),3,1,1,0,0,0,2,0,0,1,1,0,0,1
2020-06-19,2020-06-21,source_of_theory_linking_coronavirus_to_5g_technology_reported_as_true,Channel 4,1,1,0,0,0,0,0,1,0,0,0,0,1,0
2020-06-19,2020-06-21,source_of_theory_linking_coronavirus_to_5g_technology_reported_as_true,NET: Newspapers (printed and online),8,4,5,0,0,0,3,0,1,4,4,1,1,3
2020-06-19,2020-06-21,source_of_theory_linking_coronavirus_to_5g_technology_reported_as_true,NET: Officials,6,4,2,1,1,0,1,3,1,0,0,3,0,3
2020-06-19,2020-06-21,source_of_theory_linking_coronavirus_to_5g_technology_reported_as_true,NET: Social Media,83,39,44,20,19,18,14,8,10,12,21,20,16,25
2020-06-19,2020-06-21,source_of_theory_linking_coronavirus_to_5g_technology_reported_as_true,NET: WhatsApp (WhatsApp and WhatsApp groups),7,4,3,2,2,3,2,0,0,0,4,1,0,2
2020-06-19,2020-06-21,source_of_theory_linking_coronavirus_to_5g_technology_reported_as_true,NET: Closed groups,6,3,4,2,2,3,2,0,0,0,4,1,0,2
2020-06-19,2020-06-21,source_of_theory_linking_coronavirus_to_5g_technology_reported_as_true,NET: Other online news sources,16,9,7,3,3,1,3,3,2,4,5,2,4,4
2020-06-19,2020-06-21,source_of_theory_linking_coronavirus_to_5g_technology_reported_as_true,Weighted base,129,61,68,26,25,25,18,15,19,26,40,33,22,34
2020-06-19,2020-06-21,source_of_theory_linking_coronavirus_to_5g_technology_reported_as_true,NET: Family/friends/ local ppl,27,13,14,5,5,5,5,5,1,6,4,13,2,8
2020-06-19,2020-06-21,source_of_theory_linking_coronavirus_to_5g_technology_reported_as_true,NET: Traditional media,20,11,10,1,1,3,4,1,3,7,7,1,6,6
2020-06-19,2020-06-21,source_of_theory_linking_coronavirus_to_5g_technology_reported_as_true,I don't know where the source is from,1,1,0,0,0,0,0,0,0,1,1,0,0,0
2020-08-07,2020-08-09,source_of_theory_linking_coronavirus_to_5g_technology_reported_as_true,BBC - Online/ app,3,2,1,2,2,0,1,1,0,0,0,2,0,1
2020-08-07,2020-08-09,source_of_theory_linking_coronavirus_to_5g_technology_reported_as_true,"Websites/apps of online news organisations like Buzzfeed, Huffington Post, Vice, etc.",2,2,0,0,0,0,0,0,1,1,1,0,0,1
2020-08-07,2020-08-09,source_of_theory_linking_coronavirus_to_5g_technology_reported_as_true,Weighted base,103,53,50,17,14,21,17,15,14,19,32,29,15,27
2020-08-07,2020-08-09,source_of_theory_linking_coronavirus_to_5g_technology_reported_as_true,NET: Newspapers (printed and online),4,2,3,0,0,0,0,2,0,2,3,0,0,1
2020-08-07,2020-08-09,source_of_theory_linking_coronavirus_to_5g_technology_reported_as_true,Community radio,2,0,2,0,0,2,0,0,0,0,0,2,0,0
2020-08-07,2020-08-09,source_of_theory_linking_coronavirus_to_5g_technology_reported_as_true,Direct from NHS website/ email/ text/ post,2,2,0,1,1,0,1,0,0,0,0,0,0,2
2020-08-07,2020-08-09,source_of_theory_linking_coronavirus_to_5g_technology_reported_as_true,People in your local area/neighbourhood,4,3,1,0,0,1,1,1,2,0,0,1,2,2
2020-08-07,2020-08-09,source_of_theory_linking_coronavirus_to_5g_technology_reported_as_true,WhatsApp group(s),2,2,1,0,0,2,0,0,0,0,0,2,0,0
2020-08-07,2020-08-09,source_of_theory_linking_coronavirus_to_5g_technology_reported_as_true,YouTube,4,4,1,0,0,1,2,1,1,0,1,1,0,2
2020-08-07,2020-08-09,source_of_theory_linking_coronavirus_to_5g_technology_reported_as_true,Family and friends directly,7,0,7,3,1,2,1,1,0,0,3,2,0,2
2020-08-07,2020-08-09,source_of_theory_linking_coronavirus_to_5g_technology_reported_as_true,BBC - Radio,5,4,1,0,0,2,0,1,2,1,2,1,1,2
2020-08-07,2020-08-09,source_of_theory_linking_coronavirus_to_5g_technology_reported_as_true,Websites or apps that bring together news from different news providers,6,2,3,2,1,0,2,0,1,0,0,1,3,1
2020-08-07,2020-08-09,source_of_theory_linking_coronavirus_to_5g_technology_reported_as_true,“Broadsheets” such as The Times or Guardian,2,0,2,0,0,0,0,0,0,2,2,0,0,0
2020-08-07,2020-08-09,source_of_theory_linking_coronavirus_to_5g_technology_reported_as_true,Unspecified social media,7,7,,1,1,1,1,0,0,4,3,3,0,1
2020-08-07,2020-08-09,source_of_theory_linking_coronavirus_to_5g_technology_reported_as_true,Twitter,8,4,4,1,1,0,2,3,2,0,3,2,1,1
2020-08-07,2020-08-09,source_of_theory_linking_coronavirus_to_5g_technology_reported_as_true,Search engine (e.g. Google),10,8,3,0,0,5,1,1,3,0,2,2,3,3
2020-08-07,2020-08-09,source_of_theory_linking_coronavirus_to_5g_technology_reported_as_true,Facebook,52,26,26,10,10,8,10,8,9,9,14,13,10,15
2020-08-07,2020-08-09,source_of_theory_linking_coronavirus_to_5g_technology_reported_as_true,Weighted base,103,53,50,17,14,21,17,15,14,19,32,29,15,27
2020-08-07,2020-08-09,source_of_theory_linking_coronavirus_to_5g_technology_reported_as_true,Unweighted base,101,52,49,14,12,21,19,17,13,17,29,27,15,30
2020-08-07,2020-08-09,source_of_theory_linking_coronavirus_to_5g_technology_reported_as_true,BBC - TV,5,5,0,0,0,1,1,0,2,1,1,0,1,3
2020-08-07,2020-08-09,source_of_theory_linking_coronavirus_to_5g_technology_reported_as_true,NET: BBC services,10,8,2,2,2,3,2,2,2,1,3,3,1,4
2020-08-07,2020-08-09,source_of_theory_linking_coronavirus_to_5g_technology_reported_as_true,Direct from World Health Organisation (WHO) website/ email/ text/ post,2,2,0,1,1,,0,0,0,0,0,0,0,2
2020-08-07,2020-08-09,source_of_theory_linking_coronavirus_to_5g_technology_reported_as_true,WhatsApp,2,2,0,2,2,0,0,0,0,0,0,2,0,0
2020-08-07,2020-08-09,source_of_theory_linking_coronavirus_to_5g_technology_reported_as_true,NET: Officials,2,2,0,1,1,,1,0,0,0,0,0,0,2
2020-08-07,2020-08-09,source_of_theory_linking_coronavirus_to_5g_technology_reported_as_true,NET: Social Media,63,33,30,13,11,9,11,9,10,12,21,16,10,16
2020-08-07,2020-08-09,source_of_theory_linking_coronavirus_to_5g_technology_reported_as_true,NET: Non-BBC broadcasters,4,4,0,0,0,0,2,0,1,1,1,0,2,1
2020-08-07,2020-08-09,source_of_theory_linking_coronavirus_to_5g_technology_reported_as_true,NET: WhatsApp (WhatsApp and WhatsApp groups),4,3,1,2,2,2,0,0,0,0,0,4,0,0
2020-08-07,2020-08-09,source_of_theory_linking_coronavirus_to_5g_technology_reported_as_true,NET: Closed groups,2,2,1,0,0,2,0,0,0,0,0,2,0,0
2020-08-07,2020-08-09,source_of_theory_linking_coronavirus_to_5g_technology_reported_as_true,NET: Other online news sources,8,4,3,2,1,0,2,0,2,1,1,1,3,2
2020-08-07,2020-08-09,source_of_theory_linking_coronavirus_to_5g_technology_reported_as_true,NET: Family/friends/ local ppl,12,3,8,3,1,3,2,2,2,0,3,4,2,4
2020-08-07,2020-08-09,source_of_theory_linking_coronavirus_to_5g_technology_reported_as_true,NET: Traditional media,21,14,7,3,3,4,4,4,3,3,8,5,2,6
2020-08-07,2020-08-09,source_of_theory_linking_coronavirus_to_5g_technology_reported_as_true,Weighted base,103,53,50,17,14,21,17,15,14,19,32,29,15,27
2020-08-07,2020-08-09,source_of_theory_linking_coronavirus_to_5g_technology_reported_as_true,NET: Broadcasters,13,11,2,2,2,3,4,2,3,1,4,3,2,5
2020-08-07,2020-08-09,source_of_theory_linking_coronavirus_to_5g_technology_reported_as_true,Other,9,3,6,0,0,1,2,1,2,3,3,4,1,2
2020-08-07,2020-08-09,source_of_theory_linking_coronavirus_to_5g_technology_reported_as_true,“Mid-market tabloids” such as The Daily Mail or Daily Express ( printed ),,0,,0,0,0,0,,0,0,0,0,0,
2020-08-07,2020-08-09,source_of_theory_linking_coronavirus_to_5g_technology_reported_as_true,Sky,2,2,0,0,0,0,1,0,0,1,0,0,1,1
2020-08-07,2020-08-09,source_of_theory_linking_coronavirus_to_5g_technology_reported_as_true,Direct from UK Government website/ email/ text/ post,1,1,0,0,0,0,1,0,0,0,0,0,0,1
2020-08-07,2020-08-09,source_of_theory_linking_coronavirus_to_5g_technology_reported_as_true,“Red-top tabloids” such as The Sun or Mirror ( online ),1,1,0,0,0,0,0,1,0,0,1,0,0,0
2020-08-07,2020-08-09,source_of_theory_linking_coronavirus_to_5g_technology_reported_as_true,ITV,1,1,0,0,0,0,0,0,0,1,0,0,1,0
2020-08-07,2020-08-09,source_of_theory_linking_coronavirus_to_5g_technology_reported_as_true,"Non-mainstream news sources such as Russia Today, Breitbart, Swawkbox etc",1,1,0,0,0,0,1,0,0,0,0,0,1,0
2020-08-07,2020-08-09,source_of_theory_linking_coronavirus_to_5g_technology_reported_as_true,"Smart speaker (e.g. Amazon Echo, Google Home)",1,1,0,0,0,0,1,0,0,0,0,0,1,0
2020-08-07,2020-08-09,source_of_theory_linking_coronavirus_to_5g_technology_reported_as_true,Channel 5,1,1,0,0,0,0,1,0,0,0,1,0,0,0
2020-08-07,2020-08-09,source_of_theory_linking_coronavirus_to_5g_technology_reported_as_true,Celebrity and/or social media influencer,1,1,0,0,0,0,0,0,1,0,0,0,1,0
2020-08-07,2020-08-09,source_of_theory_linking_coronavirus_to_5g_technology_reported_as_true,Weighted base,103,53,50,17,14,21,17,15,14,19,32,29,15,27
2020-08-07,2020-08-09,source_of_theory_linking_coronavirus_to_5g_technology_reported_as_true,ITV Wales,1,1,0,0,0,0,0,0,1,0,0,0,1,0
2020-08-07,2020-08-09,source_of_theory_linking_coronavirus_to_5g_technology_reported_as_true,Magazines,1,1,0,1,1,0,0,0,0,0,1,0,0,0
2020-08-07,2020-08-09,source_of_theory_linking_coronavirus_to_5g_technology_reported_as_true,Snapchat,1,0,1,1,0,0,0,0,0,0,1,0,0,0
2020-08-07,2020-08-09,source_of_theory_linking_coronavirus_to_5g_technology_reported_as_true,“Mid-market tabloids” such as MailOnline or Express ( online ),1,1,1,0,0,0,0,1,0,1,1,0,0,1
2020-08-07,2020-08-09,source_of_theory_linking_coronavirus_to_5g_technology_reported_as_true,Email,2,2,0,0,0,0,2,0,0,0,0,0,1,1
2020-08-07,2020-08-09,source_of_theory_linking_coronavirus_to_5g_technology_reported_as_true,Facebook messenger,1,0,1,0,0,1,0,0,0,0,0,1,0,0
2020-08-07,2020-08-09,source_of_theory_linking_coronavirus_to_5g_technology_reported_as_true,NET: Facebook (Facebook and Facebook Messenger),52,26,26,10,10,8,10,8,9,9,14,13,10,15
2020-09-11,2020-09-13,source_of_theory_linking_coronavirus_to_5g_technology_reported_as_true,Unweighted base,128,72,56,15,15,33,26,12,19,23,29,37,33,29
2020-09-11,2020-09-13,source_of_theory_linking_coronavirus_to_5g_technology_reported_as_true,NET: Traditional media,17,13,4,1,1,6,1,,1,8,5,7,4,1
2020-09-11,2020-09-13,source_of_theory_linking_coronavirus_to_5g_technology_reported_as_true,BBC - Online/ app,2,2,0,0,0,2,0,0,0,1,2,0,1,0
2020-09-11,2020-09-13,source_of_theory_linking_coronavirus_to_5g_technology_reported_as_true,Email,2,2,0,0,0,1,0,0,0,1,0,1,0,1
2020-09-11,2020-09-13,source_of_theory_linking_coronavirus_to_5g_technology_reported_as_true,Weighted base,123,68,55,15,15,34,25,10,17,23,29,38,27,29
2020-09-11,2020-09-13,source_of_theory_linking_coronavirus_to_5g_technology_reported_as_true,Commercial Radio,2,1,1,1,1,1,0,0,0,0,0,1,0,1
2020-09-11,2020-09-13,source_of_theory_linking_coronavirus_to_5g_technology_reported_as_true,Channel 5,2,2,0,0,0,2,0,0,0,0,1,1,0,0
2020-09-11,2020-09-13,source_of_theory_linking_coronavirus_to_5g_technology_reported_as_true,Celebrity and/or social media influencer,2,1,1,0,0,2,0,0,0,0,1,0,0,1
2020-09-11,2020-09-13,source_of_theory_linking_coronavirus_to_5g_technology_reported_as_true,Facebook messenger,3,3,0,1,1,1,1,0,0,0,3,0,0,0
2020-09-11,2020-09-13,source_of_theory_linking_coronavirus_to_5g_technology_reported_as_true,Sky,3,3,0,0,0,3,0,0,0,0,1,1,0,0
2020-09-11,2020-09-13,source_of_theory_linking_coronavirus_to_5g_technology_reported_as_true,Community radio,3,2,1,1,1,1,1,0,0,0,1,1,0,1
2020-09-11,2020-09-13,source_of_theory_linking_coronavirus_to_5g_technology_reported_as_true,“Red-top tabloids” such as The Sun or Mirror ( online ),3,3,0,0,0,2,1,0,0,1,1,2,1,0
2020-09-11,2020-09-13,source_of_theory_linking_coronavirus_to_5g_technology_reported_as_true,ITV,4,2,2,0,0,1,0,,0,2,0,3,,0
2020-09-11,2020-09-13,source_of_theory_linking_coronavirus_to_5g_technology_reported_as_true,Channel 4,4,3,1,0,0,2,0,0,0,1,2,1,1,0
2020-09-11,2020-09-13,source_of_theory_linking_coronavirus_to_5g_technology_reported_as_true,Apple iMessage,2,2,0,0,0,1,1,0,0,0,2,0,0,0
2020-09-11,2020-09-13,source_of_theory_linking_coronavirus_to_5g_technology_reported_as_true,Unspecified social media,5,3,2,1,1,1,2,0,1,0,2,2,1,0
2020-09-11,2020-09-13,source_of_theory_linking_coronavirus_to_5g_technology_reported_as_true,BBC - TV,7,5,2,0,0,2,0,,1,3,2,4,,1
2020-09-11,2020-09-13,source_of_theory_linking_coronavirus_to_5g_technology_reported_as_true,Weighted base,123,68,55,15,15,34,25,10,17,23,29,38,27,29
2020-09-11,2020-09-13,source_of_theory_linking_coronavirus_to_5g_technology_reported_as_true,WhatsApp group(s),7,5,2,1,1,3,0,,2,1,2,2,3,1
2020-09-11,2020-09-13,source_of_theory_linking_coronavirus_to_5g_technology_reported_as_true,People in your local area/neighbourhood,8,3,4,0,0,1,2,0,2,2,2,3,2,2
2020-09-11,2020-09-13,source_of_theory_linking_coronavirus_to_5g_technology_reported_as_true,"Websites/apps of online news organisations like Buzzfeed, Huffington Post, Vice, etc.",8,6,2,0,0,4,1,0,3,0,2,1,3,2
2020-09-11,2020-09-13,source_of_theory_linking_coronavirus_to_5g_technology_reported_as_true,WhatsApp,8,8,,1,1,3,1,,1,2,2,2,2,2
2020-09-11,2020-09-13,source_of_theory_linking_coronavirus_to_5g_technology_reported_as_true,Websites or apps that bring together news from different news providers,9,4,4,0,0,2,4,0,3,0,1,2,4,2
2020-09-11,2020-09-13,source_of_theory_linking_coronavirus_to_5g_technology_reported_as_true,YouTube,9,6,3,2,2,3,2,1,1,0,3,3,2,1
2020-09-11,2020-09-13,source_of_theory_linking_coronavirus_to_5g_technology_reported_as_true,Search engine (e.g. Google),10,4,7,1,1,4,1,1,1,2,3,3,1,4
2020-09-11,2020-09-13,source_of_theory_linking_coronavirus_to_5g_technology_reported_as_true,Twitter,16,11,5,6,6,5,3,1,0,1,6,7,2,1
2020-09-11,2020-09-13,source_of_theory_linking_coronavirus_to_5g_technology_reported_as_true,Facebook,59,29,30,6,6,18,18,3,8,6,14,16,13,15
2020-09-11,2020-09-13,source_of_theory_linking_coronavirus_to_5g_technology_reported_as_true,Weighted base,123,68,55,15,15,34,25,10,17,23,29,38,27,29
2020-09-11,2020-09-13,source_of_theory_linking_coronavirus_to_5g_technology_reported_as_true,Instagram,5,4,1,1,1,2,2,0,0,0,4,0,1,0
2020-09-11,2020-09-13,source_of_theory_linking_coronavirus_to_5g_technology_reported_as_true,Direct from World Health Organisation (WHO) website/ email/ text/ post,2,1,,0,0,1,0,,0,0,0,2,0,0
2020-09-11,2020-09-13,source_of_theory_linking_coronavirus_to_5g_technology_reported_as_true,Family and friends directly,12,7,5,0,0,4,2,2,1,3,3,4,2,4
2020-09-11,2020-09-13,source_of_theory_linking_coronavirus_to_5g_technology_reported_as_true,Advertising,1,1,0,0,0,1,0,0,0,0,0,1,0,0
2020-09-11,2020-09-13,source_of_theory_linking_coronavirus_to_5g_technology_reported_as_true,Magazines,1,1,0,0,0,1,0,0,0,0,0,1,0,0
2020-09-11,2020-09-13,source_of_theory_linking_coronavirus_to_5g_technology_reported_as_true,NET: Family/friends/ local ppl,16,7,9,0,0,4,2,2,4,4,3,5,3,4
2020-09-11,2020-09-13,source_of_theory_linking_coronavirus_to_5g_technology_reported_as_true,NET: Other online news sources,14,10,5,0,0,4,4,0,5,1,2,3,7,2
2020-09-11,2020-09-13,source_of_theory_linking_coronavirus_to_5g_technology_reported_as_true,NET: WhatsApp (WhatsApp and WhatsApp groups),11,9,2,1,1,5,1,,2,2,4,2,3,2
2020-09-11,2020-09-13,source_of_theory_linking_coronavirus_to_5g_technology_reported_as_true,NET: Facebook (Facebook and Facebook Messenger),59,29,30,6,6,18,18,3,8,6,14,16,13,15
2020-09-11,2020-09-13,source_of_theory_linking_coronavirus_to_5g_technology_reported_as_true,NET: Social Media,72,39,33,10,10,22,19,4,10,7,19,19,18,16
2020-09-11,2020-09-13,source_of_theory_linking_coronavirus_to_5g_technology_reported_as_true,NET: Officials,3,1,2,0,0,3,0,,0,0,1,2,0,0
2020-09-11,2020-09-13,source_of_theory_linking_coronavirus_to_5g_technology_reported_as_true,NET: Newspapers (printed and online),7,5,1,0,0,2,1,0,0,4,2,3,2,0
2020-09-11,2020-09-13,source_of_theory_linking_coronavirus_to_5g_technology_reported_as_true,NET: BBC services,8,6,2,0,0,3,0,,1,4,2,4,1,1
2020-09-11,2020-09-13,source_of_theory_linking_coronavirus_to_5g_technology_reported_as_true,NET: Non-BBC broadcasters,7,5,2,0,0,4,0,,0,3,3,3,1,0
2020-09-11,2020-09-13,source_of_theory_linking_coronavirus_to_5g_technology_reported_as_true,Weighted base,123,68,55,15,15,34,25,10,17,23,29,38,27,29
2020-09-11,2020-09-13,source_of_theory_linking_coronavirus_to_5g_technology_reported_as_true,NET: Broadcasters,10,8,2,0,0,4,0,,1,4,4,4,1,1
2020-09-11,2020-09-13,source_of_theory_linking_coronavirus_to_5g_technology_reported_as_true,Other,11,6,5,4,4,1,1,1,1,2,1,6,2,2
2020-09-11,2020-09-13,source_of_theory_linking_coronavirus_to_5g_technology_reported_as_true,NET: Closed groups,9,7,2,1,1,4,1,,2,1,4,2,3,1
2020-09-11,2020-09-13,source_of_theory_linking_coronavirus_to_5g_technology_reported_as_true,"Non-mainstream news sources such as Russia Today, Breitbart, Swawkbox etc",1,1,0,0,0,0,0,0,0,1,0,0,0,1
2020-09-11,2020-09-13,source_of_theory_linking_coronavirus_to_5g_technology_reported_as_true,Official scientists,,0,,0,0,0,0,,0,0,0,,0,0
2020-09-11,2020-09-13,source_of_theory_linking_coronavirus_to_5g_technology_reported_as_true,Direct from Local council website/ email/ text/ post,1,1,0,0,0,1,0,0,0,0,0,1,0,0
2020-09-11,2020-09-13,source_of_theory_linking_coronavirus_to_5g_technology_reported_as_true,Snapchat,1,1,0,1,1,0,1,0,0,0,1,0,0,0
2020-09-11,2020-09-13,source_of_theory_linking_coronavirus_to_5g_technology_reported_as_true,“Mid-market tabloids” such as MailOnline or Express ( online ),1,0,1,0,0,0,0,0,0,1,0,0,1,0
2020-09-11,2020-09-13,source_of_theory_linking_coronavirus_to_5g_technology_reported_as_true,Weighted base,123,68,55,15,15,34,25,10,17,23,29,38,27,29
2020-09-11,2020-09-13,source_of_theory_linking_coronavirus_to_5g_technology_reported_as_true,BBC - Radio,1,1,0,0,0,1,0,0,0,0,0,1,0,0
2020-09-11,2020-09-13,source_of_theory_linking_coronavirus_to_5g_technology_reported_as_true,“Mid-market tabloids” such as The Daily Mail or Daily Express ( printed ),1,1,0,0,0,0,0,0,0,1,0,1,0,0
2020-09-11,2020-09-13,source_of_theory_linking_coronavirus_to_5g_technology_reported_as_true,ITV Wales,1,1,0,0,0,0,0,0,0,1,1,0,0,0
2020-09-11,2020-09-13,source_of_theory_linking_coronavirus_to_5g_technology_reported_as_true,Direct from Local health service website/ email/ text/ post,1,0,1,0,0,1,0,0,0,0,1,0,0,0
2020-09-11,2020-09-13,source_of_theory_linking_coronavirus_to_5g_technology_reported_as_true,Podcasts,1,0,1,1,1,0,0,0,0,0,0,0,0,1
2020-09-11,2020-09-13,source_of_theory_linking_coronavirus_to_5g_technology_reported_as_true,Direct from UK Government website/ email/ text/ post,1,1,0,0,0,1,0,0,0,0,0,1,0,0
2020-09-11,2020-09-13,source_of_theory_linking_coronavirus_to_5g_technology_reported_as_true,“Broadsheets” such as The Times or Guardian,1,1,0,0,0,0,0,0,0,1,1,0,0,0
2020-09-11,2020-09-13,source_of_theory_linking_coronavirus_to_5g_technology_reported_as_true,“Red-top tabloids” such as The Sun or Daily Mirror ( printed ),1,1,0,0,0,0,1,0,0,0,1,0,0,0
2020-10-09,2020-10-11,source_of_theory_linking_coronavirus_to_5g_technology_reported_as_true,“Broadsheets” such as The Times or Guardian,1,1,0,0,0,0,0,0,1,0,0,1,0,0
2020-10-09,2020-10-11,source_of_theory_linking_coronavirus_to_5g_technology_reported_as_true,"Smart speaker (e.g. Amazon Echo, Google Home)",1,1,0,0,0,1,0,0,0,0,1,0,0,0
2020-10-09,2020-10-11,source_of_theory_linking_coronavirus_to_5g_technology_reported_as_true,Channel 5,1,1,0,0,0,1,0,0,0,0,1,0,0,0
2020-10-09,2020-10-11,source_of_theory_linking_coronavirus_to_5g_technology_reported_as_true,"Websites/apps of online news organisations like Buzzfeed, Huffington Post, Vice, etc.",1,1,0,1,1,0,0,0,0,0,1,0,0,0
2020-10-09,2020-10-11,source_of_theory_linking_coronavirus_to_5g_technology_reported_as_true,BBC - Radio,1,1,0,1,1,0,0,0,0,0,1,0,0,0
2020-10-09,2020-10-11,source_of_theory_linking_coronavirus_to_5g_technology_reported_as_true,Direct from UK Government website/ email/ text/ post,1,1,0,0,0,0,1,0,0,0,1,0,0,0
2020-10-09,2020-10-11,source_of_theory_linking_coronavirus_to_5g_technology_reported_as_true,Official scientists,1,1,0,0,0,0,1,0,0,0,1,0,0,0
2020-10-09,2020-10-11,source_of_theory_linking_coronavirus_to_5g_technology_reported_as_true,Weighted base,94,64,31,25,23,22,15,8,8,16,38,18,18,20
2020-10-09,2020-10-11,source_of_theory_linking_coronavirus_to_5g_technology_reported_as_true,Direct from Local health service website/ email/ text/ post,1,1,0,1,1,0,0,0,0,0,1,0,0,0
2020-10-09,2020-10-11,source_of_theory_linking_coronavirus_to_5g_technology_reported_as_true,Podcasts,1,1,0,0,0,1,0,0,0,0,1,0,0,0
2020-10-09,2020-10-11,source_of_theory_linking_coronavirus_to_5g_technology_reported_as_true,Email,1,1,0,0,0,1,0,0,0,0,1,0,0,0
2020-10-09,2020-10-11,source_of_theory_linking_coronavirus_to_5g_technology_reported_as_true,NET: Officials,4,3,1,3,3,0,1,0,1,0,2,1,2,0
2020-10-09,2020-10-11,source_of_theory_linking_coronavirus_to_5g_technology_reported_as_true,NET: Broadcasters,10,6,3,6,6,2,0,0,0,1,3,0,5,2
2020-10-09,2020-10-11,source_of_theory_linking_coronavirus_to_5g_technology_reported_as_true,NET: Non-BBC broadcasters,4,4,0,3,3,1,0,0,0,0,1,0,2,2
2020-10-09,2020-10-11,source_of_theory_linking_coronavirus_to_5g_technology_reported_as_true,NET: BBC services,8,5,3,5,5,2,0,0,0,1,3,0,3,2
2020-10-09,2020-10-11,source_of_theory_linking_coronavirus_to_5g_technology_reported_as_true,NET: Newspapers (printed and online),2,1,1,0,0,1,0,0,1,1,1,1,0,1
2020-10-09,2020-10-11,source_of_theory_linking_coronavirus_to_5g_technology_reported_as_true,NET: Social Media,55,39,16,18,18,15,8,7,3,5,22,10,12,11
2020-10-09,2020-10-11,source_of_theory_linking_coronavirus_to_5g_technology_reported_as_true,NET: Facebook (Facebook and Facebook Messenger),37,24,13,9,9,14,2,7,2,4,14,7,10,6
2020-10-09,2020-10-11,source_of_theory_linking_coronavirus_to_5g_technology_reported_as_true,NET: WhatsApp (WhatsApp and WhatsApp groups),4,2,3,4,4,0,,0,0,0,2,2,0,0
2020-10-09,2020-10-11,source_of_theory_linking_coronavirus_to_5g_technology_reported_as_true,NET: Closed groups,4,1,3,3,3,0,,0,0,0,1,2,0,0
2020-10-09,2020-10-11,source_of_theory_linking_coronavirus_to_5g_technology_reported_as_true,Weighted base,94,64,31,25,23,22,15,8,8,16,38,18,18,20
2020-10-09,2020-10-11,source_of_theory_linking_coronavirus_to_5g_technology_reported_as_true,Magazines,1,1,0,0,0,1,0,0,0,0,0,1,0,0
2020-10-09,2020-10-11,source_of_theory_linking_coronavirus_to_5g_technology_reported_as_true,NET: Other online news sources,13,11,3,2,2,4,4,2,0,1,10,2,1,0
2020-10-09,2020-10-11,source_of_theory_linking_coronavirus_to_5g_technology_reported_as_true,Other,10,6,4,0,0,0,3,2,1,4,4,2,0,4
2020-10-09,2020-10-11,source_of_theory_linking_coronavirus_to_5g_technology_reported_as_true,“Mid-market tabloids” such as The Daily Mail or Daily Express ( printed ),2,1,1,0,0,1,0,0,0,1,1,0,0,1
2020-10-09,2020-10-11,source_of_theory_linking_coronavirus_to_5g_technology_reported_as_true,WhatsApp,4,2,2,4,4,0,0,0,0,0,2,2,0,0
2020-10-09,2020-10-11,source_of_theory_linking_coronavirus_to_5g_technology_reported_as_true,Community radio,2,2,0,2,2,0,0,0,0,0,0,0,2,0
2020-10-09,2020-10-11,source_of_theory_linking_coronavirus_to_5g_technology_reported_as_true,NET: Family/friends/ local ppl,10,6,4,3,3,2,2,,0,3,2,2,2,4
2020-10-09,2020-10-11,source_of_theory_linking_coronavirus_to_5g_technology_reported_as_true,Unweighted base,93,61,32,21,20,22,16,10,7,17,37,20,14,22
2020-10-09,2020-10-11,source_of_theory_linking_coronavirus_to_5g_technology_reported_as_true,Weighted base,94,64,31,25,23,22,15,8,8,16,38,18,18,20
2020-10-09,2020-10-11,source_of_theory_linking_coronavirus_to_5g_technology_reported_as_true,Facebook,37,24,13,9,9,14,2,7,2,4,14,7,10,6
2020-10-09,2020-10-11,source_of_theory_linking_coronavirus_to_5g_technology_reported_as_true,Twitter,17,13,4,7,7,1,5,1,1,2,7,5,2,3
2020-10-09,2020-10-11,source_of_theory_linking_coronavirus_to_5g_technology_reported_as_true,YouTube,14,8,5,6,5,3,0,2,1,2,5,2,4,2
2020-10-09,2020-10-11,source_of_theory_linking_coronavirus_to_5g_technology_reported_as_true,Search engine (e.g. Google),11,10,1,3,3,3,2,0,2,1,4,2,2,3
2020-10-09,2020-10-11,source_of_theory_linking_coronavirus_to_5g_technology_reported_as_true,Websites or apps that bring together news from different news providers,11,8,3,2,2,4,3,0,0,1,7,2,1,0
2020-10-09,2020-10-11,source_of_theory_linking_coronavirus_to_5g_technology_reported_as_true,Family and friends directly,8,4,4,3,3,2,1,,0,3,1,2,2,3
2020-10-09,2020-10-11,source_of_theory_linking_coronavirus_to_5g_technology_reported_as_true,BBC - TV,8,5,3,5,5,2,0,0,0,1,3,0,3,2
2020-10-09,2020-10-11,source_of_theory_linking_coronavirus_to_5g_technology_reported_as_true,Instagram,6,4,2,5,5,1,0,0,0,0,1,2,1,2
2020-10-09,2020-10-11,source_of_theory_linking_coronavirus_to_5g_technology_reported_as_true,Weighted base,94,64,31,25,23,22,15,8,8,16,38,18,18,20
2020-10-09,2020-10-11,source_of_theory_linking_coronavirus_to_5g_technology_reported_as_true,Snapchat,6,4,2,4,4,2,0,0,0,0,3,2,1,0
2020-10-09,2020-10-11,source_of_theory_linking_coronavirus_to_5g_technology_reported_as_true,Weighted base,94,64,31,25,23,22,15,8,8,16,38,18,18,20
2020-10-09,2020-10-11,source_of_theory_linking_coronavirus_to_5g_technology_reported_as_true,WhatsApp group(s),4,1,3,3,3,0,,0,0,0,1,2,0,0
2020-10-09,2020-10-11,source_of_theory_linking_coronavirus_to_5g_technology_reported_as_true,Commercial Radio,3,3,0,2,2,1,0,0,0,0,1,0,2,0
2020-10-09,2020-10-11,source_of_theory_linking_coronavirus_to_5g_technology_reported_as_true,Direct from World Health Organisation (WHO) website/ email/ text/ post,3,2,1,2,2,0,0,0,1,0,0,1,2,0
2020-10-09,2020-10-11,source_of_theory_linking_coronavirus_to_5g_technology_reported_as_true,Celebrity and/or social media influencer,3,2,1,2,2,0,1,0,0,0,2,1,0,0
2020-10-09,2020-10-11,source_of_theory_linking_coronavirus_to_5g_technology_reported_as_true,Sky,3,3,0,2,2,1,0,0,0,0,1,0,0,2
2020-10-09,2020-10-11,source_of_theory_linking_coronavirus_to_5g_technology_reported_as_true,"Non-mainstream news sources such as Russia Today, Breitbart, Swawkbox etc",3,3,0,0,0,0,1,2,0,0,3,0,0,0
2020-10-09,2020-10-11,source_of_theory_linking_coronavirus_to_5g_technology_reported_as_true,Facebook messenger,2,0,2,2,2,0,0,0,0,0,0,2,0,0
2020-10-09,2020-10-11,source_of_theory_linking_coronavirus_to_5g_technology_reported_as_true,BBC - Online/ app,2,0,2,2,2,0,0,0,0,0,0,0,2,0
2020-10-09,2020-10-11,source_of_theory_linking_coronavirus_to_5g_technology_reported_as_true,People in your local area/neighbourhood,2,2,,1,1,,1,0,0,0,1,,0,1
2020-10-09,2020-10-11,source_of_theory_linking_coronavirus_to_5g_technology_reported_as_true,ITV,2,2,0,2,2,0,0,0,0,0,0,0,2,0
2020-10-09,2020-10-11,source_of_theory_linking_coronavirus_to_5g_technology_reported_as_true,Unspecified social media,4,2,2,2,2,1,1,0,0,0,1,0,1,2
2020-10-09,2020-10-11,source_of_theory_linking_coronavirus_to_5g_technology_reported_as_true,NET: Traditional media,14,10,4,6,6,5,0,0,1,2,5,2,5,2
